image_path,absolute_path,prompt,respuesta,module,section,subsection,function_detected,hierarchy_level,screen_type,buttons_visible,form_fields,navigation_elements,main_actions,user_workflow,keywords,additional_metadata,file_size,filename
pantalla principal/Modulo Administrador del Sistema.png,/root/.ipython/aaaaaaaaaaa/ERP_screenshots/pantalla principal/Modulo Administrador del Sistema.png,Módulo: Pantalla Principal | Sección: Módulo Administrador del Sistema | Función: Administración,Pantalla de Administración,Pantalla Principal,Módulo Administrador del Sistema,,Administración,1,,[],[],[],[],,"[""m\u00f3dulo"", ""acceso"", ""administrador del sistema"", ""administrador""]","{""ai_analysis_successful"": false, ""structural_analysis"": {""module"": ""Pantalla Principal"", ""section"": ""M\u00f3dulo Administrador del Sistema"", ""subsection"": null, ""function_detected"": ""Administraci\u00f3n"", ""hierarchy_level"": 1, ""keywords"": [""m\u00f3dulo"", ""acceso"", ""administrador del sistema"", ""administrador""]}, ""ai_raw_response"": {}}",327375,Modulo Administrador del Sistema.png
pantalla principal/Modulo Contabilidad.png,/root/.ipython/aaaaaaaaaaa/ERP_screenshots/pantalla principal/Modulo Contabilidad.png,Módulo: Pantalla Principal | Sección: Módulo Contabilidad | Función: Acceso a módulo,Pantalla de Acceso a módulo,Pantalla Principal,Módulo Contabilidad,,Acceso a módulo,1,,[],[],[],[],,"[""m\u00f3dulo"", ""acceso"", ""contabilidad""]","{""ai_analysis_successful"": false, ""structural_analysis"": {""module"": ""Pantalla Principal"", ""section"": ""M\u00f3dulo Contabilidad"", ""subsection"": null, ""function_detected"": ""Acceso a m\u00f3dulo"", ""hierarchy_level"": 1, ""keywords"": [""m\u00f3dulo"", ""acceso"", ""contabilidad""]}, ""ai_raw_response"": {}}",350338,Modulo Contabilidad.png
pantalla principal/Modulo Credito y cobranza.png,/root/.ipython/aaaaaaaaaaa/ERP_screenshots/pantalla principal/Modulo Credito y cobranza.png,Módulo: Pantalla Principal | Sección: Módulo Credito y cobranza | Función: Acceso a módulo,Pantalla de Acceso a módulo,Pantalla Principal,Módulo Credito y cobranza,,Acceso a módulo,1,,[],[],[],[],,"[""m\u00f3dulo"", ""acceso"", ""credito y cobranza""]","{""ai_analysis_successful"": false, ""structural_analysis"": {""module"": ""Pantalla Principal"", ""section"": ""M\u00f3dulo Credito y cobranza"", ""subsection"": null, ""function_detected"": ""Acceso a m\u00f3dulo"", ""hierarchy_level"": 1, ""keywords"": [""m\u00f3dulo"", ""acceso"", ""credito y cobranza""]}, ""ai_raw_response"": {}}",331561,Modulo Credito y cobranza.png
pantalla principal/Modulo_Inventarios.png,/root/.ipython/aaaaaaaaaaa/ERP_screenshots/pantalla principal/Modulo_Inventarios.png,Módulo: Pantalla Principal | Sección: Módulo Inventarios | Función: Acceso a módulo,Pantalla de Acceso a módulo,Pantalla Principal,Módulo Inventarios,,Acceso a módulo,1,,[],[],[],[],,"[""m\u00f3dulo"", ""acceso"", ""inventarios""]","{""ai_analysis_successful"": false, ""structural_analysis"": {""module"": ""Pantalla Principal"", ""section"": ""M\u00f3dulo Inventarios"", ""subsection"": null, ""function_detected"": ""Acceso a m\u00f3dulo"", ""hierarchy_level"": 1, ""keywords"": [""m\u00f3dulo"", ""acceso"", ""inventarios""]}, ""ai_raw_response"": {}}",340854,Modulo_Inventarios.png
pantalla principal/Modulo_Sesion.png,/root/.ipython/aaaaaaaaaaa/ERP_screenshots/pantalla principal/Modulo_Sesion.png,Módulo: Pantalla Principal | Sección: Módulo Sesion | Función: Acceso a módulo,Pantalla de Acceso a módulo,Pantalla Principal,Módulo Sesion,,Acceso a módulo,1,,[],[],[],[],,"[""m\u00f3dulo"", ""acceso"", ""sesion""]","{""ai_analysis_successful"": false, ""structural_analysis"": {""module"": ""Pantalla Principal"", ""section"": ""M\u00f3dulo Sesion"", ""subsection"": null, ""function_detected"": ""Acceso a m\u00f3dulo"", ""hierarchy_level"": 1, ""keywords"": [""m\u00f3dulo"", ""acceso"", ""sesion""]}, ""ai_raw_response"": {}}",317960,Modulo_Sesion.png
pantalla principal/Modulo_Ventas.png,/root/.ipython/aaaaaaaaaaa/ERP_screenshots/pantalla principal/Modulo_Ventas.png,Módulo: Pantalla Principal | Sección: Módulo Ventas | Función: Acceso a módulo,Pantalla de Acceso a módulo,Pantalla Principal,Módulo Ventas,,Acceso a módulo,1,,[],[],[],[],,"[""m\u00f3dulo"", ""acceso"", ""ventas""]","{""ai_analysis_successful"": false, ""structural_analysis"": {""module"": ""Pantalla Principal"", ""section"": ""M\u00f3dulo Ventas"", ""subsection"": null, ""function_detected"": ""Acceso a m\u00f3dulo"", ""hierarchy_level"": 1, ""keywords"": [""m\u00f3dulo"", ""acceso"", ""ventas""]}, ""ai_raw_response"": {}}",352646,Modulo_Ventas.png
pantalla principal/Modulo_Visualizador_de_Reportes.png,/root/.ipython/aaaaaaaaaaa/ERP_screenshots/pantalla principal/Modulo_Visualizador_de_Reportes.png,Módulo: Pantalla Principal | Sección: Módulo Visualizador de Reportes | Función: Acceso a módulo,Pantalla de Acceso a módulo,Pantalla Principal,Módulo Visualizador de Reportes,,Acceso a módulo,1,,[],[],[],[],,"[""m\u00f3dulo"", ""acceso"", ""visualizador de reportes""]","{""ai_analysis_successful"": false, ""structural_analysis"": {""module"": ""Pantalla Principal"", ""section"": ""M\u00f3dulo Visualizador de Reportes"", ""subsection"": null, ""function_detected"": ""Acceso a m\u00f3dulo"", ""hierarchy_level"": 1, ""keywords"": [""m\u00f3dulo"", ""acceso"", ""visualizador de reportes""]}, ""ai_raw_response"": {}}",309393,Modulo_Visualizador_de_Reportes.png
pantalla principal/Modulo_adeudos_y_pagos.png,/root/.ipython/aaaaaaaaaaa/ERP_screenshots/pantalla principal/Modulo_adeudos_y_pagos.png,Módulo: Pantalla Principal | Sección: Módulo adeudos y pagos | Función: Acceso a módulo,Pantalla de Acceso a módulo,Pantalla Principal,Módulo adeudos y pagos,,Acceso a módulo,1,,[],[],[],[],,"[""m\u00f3dulo"", ""acceso"", ""adeudos y pagos""]","{""ai_analysis_successful"": false, ""structural_analysis"": {""module"": ""Pantalla Principal"", ""section"": ""M\u00f3dulo adeudos y pagos"", ""subsection"": null, ""function_detected"": ""Acceso a m\u00f3dulo"", ""hierarchy_level"": 1, ""keywords"": [""m\u00f3dulo"", ""acceso"", ""adeudos y pagos""]}, ""ai_raw_response"": {}}",331025,Modulo_adeudos_y_pagos.png
pantalla principal/Modulo_ayuda.png,/root/.ipython/aaaaaaaaaaa/ERP_screenshots/pantalla principal/Modulo_ayuda.png,Módulo: Pantalla Principal | Sección: Módulo ayuda | Función: Acceso a módulo,Pantalla de Acceso a módulo,Pantalla Principal,Módulo ayuda,,Acceso a módulo,1,,[],[],[],[],,"[""m\u00f3dulo"", ""acceso"", ""ayuda""]","{""ai_analysis_successful"": false, ""structural_analysis"": {""module"": ""Pantalla Principal"", ""section"": ""M\u00f3dulo ayuda"", ""subsection"": null, ""function_detected"": ""Acceso a m\u00f3dulo"", ""hierarchy_level"": 1, ""keywords"": [""m\u00f3dulo"", ""acceso"", ""ayuda""]}, ""ai_raw_response"": {}}",310890,Modulo_ayuda.png
pantalla principal/Modulo_entregas.png,/root/.ipython/aaaaaaaaaaa/ERP_screenshots/pantalla principal/Modulo_entregas.png,Módulo: Pantalla Principal | Sección: Módulo entregas | Función: Acceso a módulo,Pantalla de Acceso a módulo,Pantalla Principal,Módulo entregas,,Acceso a módulo,1,,[],[],[],[],,"[""m\u00f3dulo"", ""acceso"", ""entregas""]","{""ai_analysis_successful"": false, ""structural_analysis"": {""module"": ""Pantalla Principal"", ""section"": ""M\u00f3dulo entregas"", ""subsection"": null, ""function_detected"": ""Acceso a m\u00f3dulo"", ""hierarchy_level"": 1, ""keywords"": [""m\u00f3dulo"", ""acceso"", ""entregas""]}, ""ai_raw_response"": {}}",318491,Modulo_entregas.png
pantalla principal/Modulo_percepciones_y_reducciones.png,/root/.ipython/aaaaaaaaaaa/ERP_screenshots/pantalla principal/Modulo_percepciones_y_reducciones.png,Módulo: Pantalla Principal | Sección: Módulo percepciones y reducciones | Función: Acceso a módulo,Pantalla de Acceso a módulo,Pantalla Principal,Módulo percepciones y reducciones,,Acceso a módulo,1,,[],[],[],[],,"[""m\u00f3dulo"", ""acceso"", ""percepciones y reducciones""]","{""ai_analysis_successful"": false, ""structural_analysis"": {""module"": ""Pantalla Principal"", ""section"": ""M\u00f3dulo percepciones y reducciones"", ""subsection"": null, ""function_detected"": ""Acceso a m\u00f3dulo"", ""hierarchy_level"": 1, ""keywords"": [""m\u00f3dulo"", ""acceso"", ""percepciones y reducciones""]}, ""ai_raw_response"": {}}",315174,Modulo_percepciones_y_reducciones.png
pantalla principal/Pantalla principal.png,/root/.ipython/aaaaaaaaaaa/ERP_screenshots/pantalla principal/Pantalla principal.png,Módulo: Pantalla Principal | Función: Visualización de pantalla,Pantalla de Visualización de pantalla,Pantalla Principal,,,Visualización de pantalla,1,,[],[],[],[],,"[""pantalla""]","{""ai_analysis_successful"": false, ""structural_analysis"": {""module"": ""Pantalla Principal"", ""section"": null, ""subsection"": null, ""function_detected"": ""Visualizaci\u00f3n de pantalla"", ""hierarchy_level"": 1, ""keywords"": [""pantalla""]}, ""ai_raw_response"": {}}",306864,Pantalla principal.png
pantalla principal/modulo_compras.png,/root/.ipython/aaaaaaaaaaa/ERP_screenshots/pantalla principal/modulo_compras.png,Módulo: Pantalla Principal | Sección: Módulo compras | Función: Acceso a módulo,Pantalla de Acceso a módulo,Pantalla Principal,Módulo compras,,Acceso a módulo,1,,[],[],[],[],,"[""m\u00f3dulo"", ""acceso"", ""compras""]","{""ai_analysis_successful"": false, ""structural_analysis"": {""module"": ""Pantalla Principal"", ""section"": ""M\u00f3dulo compras"", ""subsection"": null, ""function_detected"": ""Acceso a m\u00f3dulo"", ""hierarchy_level"": 1, ""keywords"": [""m\u00f3dulo"", ""acceso"", ""compras""]}, ""ai_raw_response"": {}}",318661,modulo_compras.png
pantalla principal/modulo_tesoreria.png,/root/.ipython/aaaaaaaaaaa/ERP_screenshots/pantalla principal/modulo_tesoreria.png,Módulo: Pantalla Principal | Sección: Módulo tesoreria | Función: Acceso a módulo,Pantalla de Acceso a módulo,Pantalla Principal,Módulo tesoreria,,Acceso a módulo,1,,[],[],[],[],,"[""m\u00f3dulo"", ""acceso"", ""tesoreria""]","{""ai_analysis_successful"": false, ""structural_analysis"": {""module"": ""Pantalla Principal"", ""section"": ""M\u00f3dulo tesoreria"", ""subsection"": null, ""function_detected"": ""Acceso a m\u00f3dulo"", ""hierarchy_level"": 1, ""keywords"": [""m\u00f3dulo"", ""acceso"", ""tesoreria""]}, ""ai_raw_response"": {}}",347423,modulo_tesoreria.png
pantalla principal/Catalogos/modulo_catalogos_menu_principal.png,/root/.ipython/aaaaaaaaaaa/ERP_screenshots/pantalla principal/Catalogos/modulo_catalogos_menu_principal.png,Módulo: Pantalla Principal | Sección: Módulo catalogos menu principal | Función: Acceso a módulo,Pantalla de Acceso a módulo,Pantalla Principal,Módulo catalogos menu principal,,Acceso a módulo,2,,[],[],[],[],,"[""m\u00f3dulo"", ""acceso"", ""catalogos menu principal""]","{""ai_analysis_successful"": false, ""structural_analysis"": {""module"": ""Pantalla Principal"", ""section"": ""M\u00f3dulo catalogos menu principal"", ""subsection"": null, ""function_detected"": ""Acceso a m\u00f3dulo"", ""hierarchy_level"": 2, ""keywords"": [""m\u00f3dulo"", ""acceso"", ""catalogos menu principal""]}, ""ai_raw_response"": {}}",336930,modulo_catalogos_menu_principal.png
pantalla principal/Ayuda/Bnext Info/BnextErp.Application_rskwUl3Ao4.png,/root/.ipython/aaaaaaaaaaa/ERP_screenshots/pantalla principal/Ayuda/Bnext Info/BnextErp.Application_rskwUl3Ao4.png,Módulo: Pantalla Principal,Pantalla de None,Pantalla Principal,,,,3,,[],[],[],[],,[],"{""ai_analysis_successful"": false, ""structural_analysis"": {""module"": ""Pantalla Principal"", ""section"": null, ""subsection"": null, ""function_detected"": null, ""hierarchy_level"": 3, ""keywords"": []}, ""ai_raw_response"": {}}",250339,BnextErp.Application_rskwUl3Ao4.png
pantalla principal/Catalogos/Clientes/BnextErp.Application_rTSazFmhTN.png,/root/.ipython/aaaaaaaaaaa/ERP_screenshots/pantalla principal/Catalogos/Clientes/BnextErp.Application_rTSazFmhTN.png,Módulo: Pantalla Principal,Pantalla de None,Pantalla Principal,,,,3,,[],[],[],[],,[],"{""ai_analysis_successful"": false, ""structural_analysis"": {""module"": ""Pantalla Principal"", ""section"": null, ""subsection"": null, ""function_detected"": null, ""hierarchy_level"": 3, ""keywords"": []}, ""ai_raw_response"": {}}",342615,BnextErp.Application_rTSazFmhTN.png
pantalla principal/Catalogos/Generales/pantalla_catalogos_generales.png,/root/.ipython/aaaaaaaaaaa/ERP_screenshots/pantalla principal/Catalogos/Generales/pantalla_catalogos_generales.png,Módulo: Pantalla Principal | Función: Visualización de pantalla,Pantalla de Visualización de pantalla,Pantalla Principal,,,Visualización de pantalla,3,,[],[],[],[],,"[""pantalla""]","{""ai_analysis_successful"": false, ""structural_analysis"": {""module"": ""Pantalla Principal"", ""section"": null, ""subsection"": null, ""function_detected"": ""Visualizaci\u00f3n de pantalla"", ""hierarchy_level"": 3, ""keywords"": [""pantalla""]}, ""ai_raw_response"": {}}",390076,pantalla_catalogos_generales.png
pantalla principal/Catalogos/Impuestos/Pestaña impuestos.png,/root/.ipython/aaaaaaaaaaa/ERP_screenshots/pantalla principal/Catalogos/Impuestos/Pestaña impuestos.png,Módulo: Pantalla Principal,Pantalla de None,Pantalla Principal,,,,3,,[],[],[],[],,[],"{""ai_analysis_successful"": false, ""structural_analysis"": {""module"": ""Pantalla Principal"", ""section"": null, ""subsection"": null, ""function_detected"": null, ""hierarchy_level"": 3, ""keywords"": []}, ""ai_raw_response"": {}}",348560,Pestaña impuestos.png
pantalla principal/Catalogos/Productos/catalogos_productos.png,/root/.ipython/aaaaaaaaaaa/ERP_screenshots/pantalla principal/Catalogos/Productos/catalogos_productos.png,Módulo: Pantalla Principal,Pantalla de None,Pantalla Principal,,,,3,,[],[],[],[],,[],"{""ai_analysis_successful"": false, ""structural_analysis"": {""module"": ""Pantalla Principal"", ""section"": null, ""subsection"": null, ""function_detected"": null, ""hierarchy_level"": 3, ""keywords"": []}, ""ai_raw_response"": {}}",394959,catalogos_productos.png
pantalla principal/Catalogos/Usuarios/BnextErp.Application_1pVA54quno.png,/root/.ipython/aaaaaaaaaaa/ERP_screenshots/pantalla principal/Catalogos/Usuarios/BnextErp.Application_1pVA54quno.png,Módulo: Pantalla Principal,Pantalla de None,Pantalla Principal,,,,3,,[],[],[],[],,[],"{""ai_analysis_successful"": false, ""structural_analysis"": {""module"": ""Pantalla Principal"", ""section"": null, ""subsection"": null, ""function_detected"": null, ""hierarchy_level"": 3, ""keywords"": []}, ""ai_raw_response"": {}}",339427,BnextErp.Application_1pVA54quno.png
pantalla principal/Catalogos/Clientes/Administrador de Clientes/BnextErp.Application_U5y2US86ns.png,/root/.ipython/aaaaaaaaaaa/ERP_screenshots/pantalla principal/Catalogos/Clientes/Administrador de Clientes/BnextErp.Application_U5y2US86ns.png,Módulo: Pantalla Principal,Pantalla de None,Pantalla Principal,,,,4,,[],[],[],[],,[],"{""ai_analysis_successful"": false, ""structural_analysis"": {""module"": ""Pantalla Principal"", ""section"": null, ""subsection"": null, ""function_detected"": null, ""hierarchy_level"": 4, ""keywords"": []}, ""ai_raw_response"": {}}",79486,BnextErp.Application_U5y2US86ns.png
pantalla principal/Catalogos/Generales/Cuidad/Cuidad.png,/root/.ipython/aaaaaaaaaaa/ERP_screenshots/pantalla principal/Catalogos/Generales/Cuidad/Cuidad.png,Módulo: Pantalla Principal,Pantalla de None,Pantalla Principal,,,,4,,[],[],[],[],,[],"{""ai_analysis_successful"": false, ""structural_analysis"": {""module"": ""Pantalla Principal"", ""section"": null, ""subsection"": null, ""function_detected"": null, ""hierarchy_level"": 4, ""keywords"": []}, ""ai_raw_response"": {}}",105070,Cuidad.png
pantalla principal/Catalogos/Generales/Departamentos/Busqueda departamentos.png,/root/.ipython/aaaaaaaaaaa/ERP_screenshots/pantalla principal/Catalogos/Generales/Departamentos/Busqueda departamentos.png,Módulo: Pantalla Principal,Pantalla de None,Pantalla Principal,,,,4,,[],[],[],[],,[],"{""ai_analysis_successful"": false, ""structural_analysis"": {""module"": ""Pantalla Principal"", ""section"": null, ""subsection"": null, ""function_detected"": null, ""hierarchy_level"": 4, ""keywords"": []}, ""ai_raw_response"": {}}",76011,Busqueda departamentos.png
pantalla principal/Catalogos/Generales/Especialidades Medicas/Busqueda especialidades medicas.png,/root/.ipython/aaaaaaaaaaa/ERP_screenshots/pantalla principal/Catalogos/Generales/Especialidades Medicas/Busqueda especialidades medicas.png,Módulo: Pantalla Principal,Pantalla de None,Pantalla Principal,,,,4,,[],[],[],[],,[],"{""ai_analysis_successful"": false, ""structural_analysis"": {""module"": ""Pantalla Principal"", ""section"": null, ""subsection"": null, ""function_detected"": null, ""hierarchy_level"": 4, ""keywords"": []}, ""ai_raw_response"": {}}",57770,Busqueda especialidades medicas.png
pantalla principal/Catalogos/Generales/Estado/Estado.png,/root/.ipython/aaaaaaaaaaa/ERP_screenshots/pantalla principal/Catalogos/Generales/Estado/Estado.png,Módulo: Pantalla Principal,Pantalla de None,Pantalla Principal,,,,4,,[],[],[],[],,[],"{""ai_analysis_successful"": false, ""structural_analysis"": {""module"": ""Pantalla Principal"", ""section"": null, ""subsection"": null, ""function_detected"": null, ""hierarchy_level"": 4, ""keywords"": []}, ""ai_raw_response"": {}}",102360,Estado.png
pantalla principal/Catalogos/Generales/Giro/Giro.png,/root/.ipython/aaaaaaaaaaa/ERP_screenshots/pantalla principal/Catalogos/Generales/Giro/Giro.png,Módulo: Pantalla Principal,Pantalla de None,Pantalla Principal,,,,4,,[],[],[],[],,[],"{""ai_analysis_successful"": false, ""structural_analysis"": {""module"": ""Pantalla Principal"", ""section"": null, ""subsection"": null, ""function_detected"": null, ""hierarchy_level"": 4, ""keywords"": []}, ""ai_raw_response"": {}}",158257,Giro.png
pantalla principal/Catalogos/Generales/Impresoras/Impresoras_pantalla.png,/root/.ipython/aaaaaaaaaaa/ERP_screenshots/pantalla principal/Catalogos/Generales/Impresoras/Impresoras_pantalla.png,Módulo: Pantalla Principal | Función: Visualización de pantalla,Pantalla de Visualización de pantalla,Pantalla Principal,,,Visualización de pantalla,4,,[],[],[],[],,"[""pantalla""]","{""ai_analysis_successful"": false, ""structural_analysis"": {""module"": ""Pantalla Principal"", ""section"": null, ""subsection"": null, ""function_detected"": ""Visualizaci\u00f3n de pantalla"", ""hierarchy_level"": 4, ""keywords"": [""pantalla""]}, ""ai_raw_response"": {}}",86151,Impresoras_pantalla.png
pantalla principal/Catalogos/Generales/Migracion de Ubicaciones/Migracion de ubicaciones.png,/root/.ipython/aaaaaaaaaaa/ERP_screenshots/pantalla principal/Catalogos/Generales/Migracion de Ubicaciones/Migracion de ubicaciones.png,Módulo: Pantalla Principal,Pantalla de None,Pantalla Principal,,,,4,,[],[],[],[],,[],"{""ai_analysis_successful"": false, ""structural_analysis"": {""module"": ""Pantalla Principal"", ""section"": null, ""subsection"": null, ""function_detected"": null, ""hierarchy_level"": 4, ""keywords"": []}, ""ai_raw_response"": {}}",77193,Migracion de ubicaciones.png
pantalla principal/Catalogos/Generales/Moneda/Moneda busqueda.png,/root/.ipython/aaaaaaaaaaa/ERP_screenshots/pantalla principal/Catalogos/Generales/Moneda/Moneda busqueda.png,Módulo: Pantalla Principal,Pantalla de None,Pantalla Principal,,,,4,,[],[],[],[],,[],"{""ai_analysis_successful"": false, ""structural_analysis"": {""module"": ""Pantalla Principal"", ""section"": null, ""subsection"": null, ""function_detected"": null, ""hierarchy_level"": 4, ""keywords"": []}, ""ai_raw_response"": {}}",42254,Moneda busqueda.png
pantalla principal/Catalogos/Generales/Médicos/Busqueda Medicos.png,/root/.ipython/aaaaaaaaaaa/ERP_screenshots/pantalla principal/Catalogos/Generales/Médicos/Busqueda Medicos.png,Módulo: Pantalla Principal,Pantalla de None,Pantalla Principal,,,,4,,[],[],[],[],,[],"{""ai_analysis_successful"": false, ""structural_analysis"": {""module"": ""Pantalla Principal"", ""section"": null, ""subsection"": null, ""function_detected"": null, ""hierarchy_level"": 4, ""keywords"": []}, ""ai_raw_response"": {}}",74861,Busqueda Medicos.png
pantalla principal/Catalogos/Generales/Pais/Pais.png,/root/.ipython/aaaaaaaaaaa/ERP_screenshots/pantalla principal/Catalogos/Generales/Pais/Pais.png,Módulo: Pantalla Principal,Pantalla de None,Pantalla Principal,,,,4,,[],[],[],[],,[],"{""ai_analysis_successful"": false, ""structural_analysis"": {""module"": ""Pantalla Principal"", ""section"": null, ""subsection"": null, ""function_detected"": null, ""hierarchy_level"": 4, ""keywords"": []}, ""ai_raw_response"": {}}",98755,Pais.png
pantalla principal/Catalogos/Generales/Puntos de Venta/Punto de ventas.png,/root/.ipython/aaaaaaaaaaa/ERP_screenshots/pantalla principal/Catalogos/Generales/Puntos de Venta/Punto de ventas.png,Módulo: Pantalla Principal,Pantalla de None,Pantalla Principal,,,,4,,[],[],[],[],,[],"{""ai_analysis_successful"": false, ""structural_analysis"": {""module"": ""Pantalla Principal"", ""section"": null, ""subsection"": null, ""function_detected"": null, ""hierarchy_level"": 4, ""keywords"": []}, ""ai_raw_response"": {}}",46588,Punto de ventas.png
pantalla principal/Catalogos/Generales/Tipo De Cambio Oficial/Tipo de cambio oficial.png,/root/.ipython/aaaaaaaaaaa/ERP_screenshots/pantalla principal/Catalogos/Generales/Tipo De Cambio Oficial/Tipo de cambio oficial.png,Módulo: Pantalla Principal,Pantalla de None,Pantalla Principal,,,,4,,[],[],[],[],,[],"{""ai_analysis_successful"": false, ""structural_analysis"": {""module"": ""Pantalla Principal"", ""section"": null, ""subsection"": null, ""function_detected"": null, ""hierarchy_level"": 4, ""keywords"": []}, ""ai_raw_response"": {}}",62664,Tipo de cambio oficial.png
pantalla principal/Catalogos/Generales/Tipo de cambio por ubicacion/Tipo de cambio por ubicacion.png,/root/.ipython/aaaaaaaaaaa/ERP_screenshots/pantalla principal/Catalogos/Generales/Tipo de cambio por ubicacion/Tipo de cambio por ubicacion.png,Módulo: Pantalla Principal,Pantalla de None,Pantalla Principal,,,,4,,[],[],[],[],,[],"{""ai_analysis_successful"": false, ""structural_analysis"": {""module"": ""Pantalla Principal"", ""section"": null, ""subsection"": null, ""function_detected"": null, ""hierarchy_level"": 4, ""keywords"": []}, ""ai_raw_response"": {}}",111716,Tipo de cambio por ubicacion.png
pantalla principal/Catalogos/Generales/Tipo de impresoras/Tipo de impresoras.png,/root/.ipython/aaaaaaaaaaa/ERP_screenshots/pantalla principal/Catalogos/Generales/Tipo de impresoras/Tipo de impresoras.png,Módulo: Pantalla Principal,Pantalla de None,Pantalla Principal,,,,4,,[],[],[],[],,[],"{""ai_analysis_successful"": false, ""structural_analysis"": {""module"": ""Pantalla Principal"", ""section"": null, ""subsection"": null, ""function_detected"": null, ""hierarchy_level"": 4, ""keywords"": []}, ""ai_raw_response"": {}}",91338,Tipo de impresoras.png
pantalla principal/Catalogos/Generales/Tipos de Ubicaciones/Tipo_de_Ubicaciones_Busqueda.png,/root/.ipython/aaaaaaaaaaa/ERP_screenshots/pantalla principal/Catalogos/Generales/Tipos de Ubicaciones/Tipo_de_Ubicaciones_Busqueda.png,Módulo: Pantalla Principal,Pantalla de None,Pantalla Principal,,,,4,,[],[],[],[],,[],"{""ai_analysis_successful"": false, ""structural_analysis"": {""module"": ""Pantalla Principal"", ""section"": null, ""subsection"": null, ""function_detected"": null, ""hierarchy_level"": 4, ""keywords"": []}, ""ai_raw_response"": {}}",41997,Tipo_de_Ubicaciones_Busqueda.png
pantalla principal/Catalogos/Generales/Transportes/Transportes.png,/root/.ipython/aaaaaaaaaaa/ERP_screenshots/pantalla principal/Catalogos/Generales/Transportes/Transportes.png,Módulo: Pantalla Principal,Pantalla de None,Pantalla Principal,,,,4,,[],[],[],[],,[],"{""ai_analysis_successful"": false, ""structural_analysis"": {""module"": ""Pantalla Principal"", ""section"": null, ""subsection"": null, ""function_detected"": null, ""hierarchy_level"": 4, ""keywords"": []}, ""ai_raw_response"": {}}",55906,Transportes.png
pantalla principal/Catalogos/Generales/Ubicaciones/Pantalla Ubicaciones.png,/root/.ipython/aaaaaaaaaaa/ERP_screenshots/pantalla principal/Catalogos/Generales/Ubicaciones/Pantalla Ubicaciones.png,Módulo: Pantalla Principal | Función: Visualización de pantalla,Pantalla de Visualización de pantalla,Pantalla Principal,,,Visualización de pantalla,4,,[],[],[],[],,"[""pantalla""]","{""ai_analysis_successful"": false, ""structural_analysis"": {""module"": ""Pantalla Principal"", ""section"": null, ""subsection"": null, ""function_detected"": ""Visualizaci\u00f3n de pantalla"", ""hierarchy_level"": 4, ""keywords"": [""pantalla""]}, ""ai_raw_response"": {}}",76658,Pantalla Ubicaciones.png
pantalla principal/Catalogos/Generales/Unidades de Negocios/Unidades de negocio.png,/root/.ipython/aaaaaaaaaaa/ERP_screenshots/pantalla principal/Catalogos/Generales/Unidades de Negocios/Unidades de negocio.png,Módulo: Pantalla Principal,Pantalla de None,Pantalla Principal,,,,4,,[],[],[],[],,[],"{""ai_analysis_successful"": false, ""structural_analysis"": {""module"": ""Pantalla Principal"", ""section"": null, ""subsection"": null, ""function_detected"": null, ""hierarchy_level"": 4, ""keywords"": []}, ""ai_raw_response"": {}}",79486,Unidades de negocio.png
pantalla principal/Catalogos/Generales/Variables de sucursal/Variables de sucursal.png,/root/.ipython/aaaaaaaaaaa/ERP_screenshots/pantalla principal/Catalogos/Generales/Variables de sucursal/Variables de sucursal.png,Módulo: Pantalla Principal,Pantalla de None,Pantalla Principal,,,,4,,[],[],[],[],,[],"{""ai_analysis_successful"": false, ""structural_analysis"": {""module"": ""Pantalla Principal"", ""section"": null, ""subsection"": null, ""function_detected"": null, ""hierarchy_level"": 4, ""keywords"": []}, ""ai_raw_response"": {}}",62260,Variables de sucursal.png
pantalla principal/Catalogos/Generales/Cuidad/Nuevo/Cuidad Nuevo.png,/root/.ipython/aaaaaaaaaaa/ERP_screenshots/pantalla principal/Catalogos/Generales/Cuidad/Nuevo/Cuidad Nuevo.png,Módulo: Pantalla Principal | Función: Crear nuevo registro,Pantalla de Crear nuevo registro,Pantalla Principal,,,Crear nuevo registro,5,,[],[],[],[],,"[""agregar"", ""nuevo"", ""crear""]","{""ai_analysis_successful"": false, ""structural_analysis"": {""module"": ""Pantalla Principal"", ""section"": null, ""subsection"": null, ""function_detected"": ""Crear nuevo registro"", ""hierarchy_level"": 5, ""keywords"": [""agregar"", ""nuevo"", ""crear""]}, ""ai_raw_response"": {}}",44597,Cuidad Nuevo.png
pantalla principal/Catalogos/Generales/Cuidad/Nuevo/Nuevo/Tipos de impuestos.png,/root/.ipython/aaaaaaaaaaa/ERP_screenshots/pantalla principal/Catalogos/Generales/Cuidad/Nuevo/Nuevo/Tipos de impuestos.png,Módulo: Pantalla Principal,Pantalla de None,Pantalla Principal,,,,6,,[],[],[],[],,[],"{""ai_analysis_successful"": false, ""structural_analysis"": {""module"": ""Pantalla Principal"", ""section"": null, ""subsection"": null, ""function_detected"": null, ""hierarchy_level"": 6, ""keywords"": []}, ""ai_raw_response"": {}}",69191,Tipos de impuestos.png
pantalla principal/Catalogos/Generales/Departamentos/Nuevo/Nuevo departamento.png,/root/.ipython/aaaaaaaaaaa/ERP_screenshots/pantalla principal/Catalogos/Generales/Departamentos/Nuevo/Nuevo departamento.png,Módulo: Pantalla Principal | Función: Crear nuevo registro,Pantalla de Crear nuevo registro,Pantalla Principal,,,Crear nuevo registro,5,,[],[],[],[],,"[""agregar"", ""nuevo"", ""crear""]","{""ai_analysis_successful"": false, ""structural_analysis"": {""module"": ""Pantalla Principal"", ""section"": null, ""subsection"": null, ""function_detected"": ""Crear nuevo registro"", ""hierarchy_level"": 5, ""keywords"": [""agregar"", ""nuevo"", ""crear""]}, ""ai_raw_response"": {}}",29649,Nuevo departamento.png
pantalla principal/Catalogos/Generales/Especialidades Medicas/Nuevo/Editar especialidades medicas.png,/root/.ipython/aaaaaaaaaaa/ERP_screenshots/pantalla principal/Catalogos/Generales/Especialidades Medicas/Nuevo/Editar especialidades medicas.png,Módulo: Pantalla Principal | Función: Editar registro,Pantalla de Editar registro,Pantalla Principal,,,Editar registro,5,,[],[],[],[],,"[""editar"", ""modificar""]","{""ai_analysis_successful"": false, ""structural_analysis"": {""module"": ""Pantalla Principal"", ""section"": null, ""subsection"": null, ""function_detected"": ""Editar registro"", ""hierarchy_level"": 5, ""keywords"": [""editar"", ""modificar""]}, ""ai_raw_response"": {}}",35635,Editar especialidades medicas.png
pantalla principal/Catalogos/Generales/Estado/Nuevo/Estado Nuevo.png,/root/.ipython/aaaaaaaaaaa/ERP_screenshots/pantalla principal/Catalogos/Generales/Estado/Nuevo/Estado Nuevo.png,Módulo: Pantalla Principal | Función: Crear nuevo registro,Pantalla de Crear nuevo registro,Pantalla Principal,,,Crear nuevo registro,5,,[],[],[],[],,"[""agregar"", ""nuevo"", ""crear""]","{""ai_analysis_successful"": false, ""structural_analysis"": {""module"": ""Pantalla Principal"", ""section"": null, ""subsection"": null, ""function_detected"": ""Crear nuevo registro"", ""hierarchy_level"": 5, ""keywords"": [""agregar"", ""nuevo"", ""crear""]}, ""ai_raw_response"": {}}",42077,Estado Nuevo.png
pantalla principal/Catalogos/Generales/Estado/Nuevo/Nuevo/Tipos de impuestos.png,/root/.ipython/aaaaaaaaaaa/ERP_screenshots/pantalla principal/Catalogos/Generales/Estado/Nuevo/Nuevo/Tipos de impuestos.png,Módulo: Pantalla Principal,Pantalla de None,Pantalla Principal,,,,6,,[],[],[],[],,[],"{""ai_analysis_successful"": false, ""structural_analysis"": {""module"": ""Pantalla Principal"", ""section"": null, ""subsection"": null, ""function_detected"": null, ""hierarchy_level"": 6, ""keywords"": []}, ""ai_raw_response"": {}}",69191,Tipos de impuestos.png
pantalla principal/Catalogos/Generales/Impresoras/Nuevo/Impresoras Nuevo.png,/root/.ipython/aaaaaaaaaaa/ERP_screenshots/pantalla principal/Catalogos/Generales/Impresoras/Nuevo/Impresoras Nuevo.png,Módulo: Pantalla Principal | Función: Crear nuevo registro,Pantalla de Crear nuevo registro,Pantalla Principal,,,Crear nuevo registro,5,,[],[],[],[],,"[""agregar"", ""nuevo"", ""crear""]","{""ai_analysis_successful"": false, ""structural_analysis"": {""module"": ""Pantalla Principal"", ""section"": null, ""subsection"": null, ""function_detected"": ""Crear nuevo registro"", ""hierarchy_level"": 5, ""keywords"": [""agregar"", ""nuevo"", ""crear""]}, ""ai_raw_response"": {}}",110272,Impresoras Nuevo.png
pantalla principal/Catalogos/Generales/Migracion de Ubicaciones/Nuevo/Nuevo migracion de ubicaciones.png,/root/.ipython/aaaaaaaaaaa/ERP_screenshots/pantalla principal/Catalogos/Generales/Migracion de Ubicaciones/Nuevo/Nuevo migracion de ubicaciones.png,Módulo: Pantalla Principal | Función: Crear nuevo registro,Pantalla de Crear nuevo registro,Pantalla Principal,,,Crear nuevo registro,5,,[],[],[],[],,"[""agregar"", ""nuevo"", ""crear""]","{""ai_analysis_successful"": false, ""structural_analysis"": {""module"": ""Pantalla Principal"", ""section"": null, ""subsection"": null, ""function_detected"": ""Crear nuevo registro"", ""hierarchy_level"": 5, ""keywords"": [""agregar"", ""nuevo"", ""crear""]}, ""ai_raw_response"": {}}",117420,Nuevo migracion de ubicaciones.png
pantalla principal/Catalogos/Generales/Moneda/Nuevo/Moneda nuevo.png,/root/.ipython/aaaaaaaaaaa/ERP_screenshots/pantalla principal/Catalogos/Generales/Moneda/Nuevo/Moneda nuevo.png,Módulo: Pantalla Principal | Función: Crear nuevo registro,Pantalla de Crear nuevo registro,Pantalla Principal,,,Crear nuevo registro,5,,[],[],[],[],,"[""agregar"", ""nuevo"", ""crear""]","{""ai_analysis_successful"": false, ""structural_analysis"": {""module"": ""Pantalla Principal"", ""section"": null, ""subsection"": null, ""function_detected"": ""Crear nuevo registro"", ""hierarchy_level"": 5, ""keywords"": [""agregar"", ""nuevo"", ""crear""]}, ""ai_raw_response"": {}}",46588,Moneda nuevo.png
pantalla principal/Catalogos/Generales/Médicos/Nuevo/Nuevo Medicos.png,/root/.ipython/aaaaaaaaaaa/ERP_screenshots/pantalla principal/Catalogos/Generales/Médicos/Nuevo/Nuevo Medicos.png,Módulo: Pantalla Principal | Función: Crear nuevo registro,Pantalla de Crear nuevo registro,Pantalla Principal,,,Crear nuevo registro,5,,[],[],[],[],,"[""agregar"", ""nuevo"", ""crear""]","{""ai_analysis_successful"": false, ""structural_analysis"": {""module"": ""Pantalla Principal"", ""section"": null, ""subsection"": null, ""function_detected"": ""Crear nuevo registro"", ""hierarchy_level"": 5, ""keywords"": [""agregar"", ""nuevo"", ""crear""]}, ""ai_raw_response"": {}}",54274,Nuevo Medicos.png
pantalla principal/Catalogos/Generales/Organizaciones/Buscar/BnextErp.Application_vEl4pu2wZM.png,/root/.ipython/aaaaaaaaaaa/ERP_screenshots/pantalla principal/Catalogos/Generales/Organizaciones/Buscar/BnextErp.Application_vEl4pu2wZM.png,Módulo: Pantalla Principal,Pantalla de None,Pantalla Principal,,,,5,,[],[],[],[],,[],"{""ai_analysis_successful"": false, ""structural_analysis"": {""module"": ""Pantalla Principal"", ""section"": null, ""subsection"": null, ""function_detected"": null, ""hierarchy_level"": 5, ""keywords"": []}, ""ai_raw_response"": {}}",86394,BnextErp.Application_vEl4pu2wZM.png
pantalla principal/Catalogos/Generales/Organizaciones/Buscar/Nuevo/Nuevo_BnextDelivery/Bnnext_delivery.png,/root/.ipython/aaaaaaaaaaa/ERP_screenshots/pantalla principal/Catalogos/Generales/Organizaciones/Buscar/Nuevo/Nuevo_BnextDelivery/Bnnext_delivery.png,Módulo: Pantalla Principal,Pantalla de None,Pantalla Principal,,,,7,,[],[],[],[],,[],"{""ai_analysis_successful"": false, ""structural_analysis"": {""module"": ""Pantalla Principal"", ""section"": null, ""subsection"": null, ""function_detected"": null, ""hierarchy_level"": 7, ""keywords"": []}, ""ai_raw_response"": {}}",98595,Bnnext_delivery.png
pantalla principal/Catalogos/Generales/Organizaciones/Buscar/Nuevo/Nuevo_ConfiguracionNavegacionWEb/BnextErp.Application_Hmpy9VFRwt.png,/root/.ipython/aaaaaaaaaaa/ERP_screenshots/pantalla principal/Catalogos/Generales/Organizaciones/Buscar/Nuevo/Nuevo_ConfiguracionNavegacionWEb/BnextErp.Application_Hmpy9VFRwt.png,Módulo: Pantalla Principal,Pantalla de None,Pantalla Principal,,,,7,,[],[],[],[],,[],"{""ai_analysis_successful"": false, ""structural_analysis"": {""module"": ""Pantalla Principal"", ""section"": null, ""subsection"": null, ""function_detected"": null, ""hierarchy_level"": 7, ""keywords"": []}, ""ai_raw_response"": {}}",86129,BnextErp.Application_Hmpy9VFRwt.png
pantalla principal/Catalogos/Generales/Organizaciones/Buscar/Nuevo/Nuevo_Huella_Digital/nuevo_huella_digital.png,/root/.ipython/aaaaaaaaaaa/ERP_screenshots/pantalla principal/Catalogos/Generales/Organizaciones/Buscar/Nuevo/Nuevo_Huella_Digital/nuevo_huella_digital.png,Módulo: Pantalla Principal | Función: Crear nuevo registro,Pantalla de Crear nuevo registro,Pantalla Principal,,,Crear nuevo registro,7,,[],[],[],[],,"[""agregar"", ""nuevo"", ""crear""]","{""ai_analysis_successful"": false, ""structural_analysis"": {""module"": ""Pantalla Principal"", ""section"": null, ""subsection"": null, ""function_detected"": ""Crear nuevo registro"", ""hierarchy_level"": 7, ""keywords"": [""agregar"", ""nuevo"", ""crear""]}, ""ai_raw_response"": {}}",97958,nuevo_huella_digital.png
pantalla principal/Catalogos/Generales/Organizaciones/Buscar/Nuevo/Nuevo_InformacionFiscal/BnextErp.Application_gSAOSlgZxn.png,/root/.ipython/aaaaaaaaaaa/ERP_screenshots/pantalla principal/Catalogos/Generales/Organizaciones/Buscar/Nuevo/Nuevo_InformacionFiscal/BnextErp.Application_gSAOSlgZxn.png,Módulo: Pantalla Principal,Pantalla de None,Pantalla Principal,,,,7,,[],[],[],[],,[],"{""ai_analysis_successful"": false, ""structural_analysis"": {""module"": ""Pantalla Principal"", ""section"": null, ""subsection"": null, ""function_detected"": null, ""hierarchy_level"": 7, ""keywords"": []}, ""ai_raw_response"": {}}",104166,BnextErp.Application_gSAOSlgZxn.png
pantalla principal/Catalogos/Generales/Organizaciones/Buscar/Nuevo/Nuevo_Información_correo/BnextErp.Application_sNcBzrIQ5C.png,/root/.ipython/aaaaaaaaaaa/ERP_screenshots/pantalla principal/Catalogos/Generales/Organizaciones/Buscar/Nuevo/Nuevo_Información_correo/BnextErp.Application_sNcBzrIQ5C.png,Módulo: Pantalla Principal,Pantalla de None,Pantalla Principal,,,,7,,[],[],[],[],,[],"{""ai_analysis_successful"": false, ""structural_analysis"": {""module"": ""Pantalla Principal"", ""section"": null, ""subsection"": null, ""function_detected"": null, ""hierarchy_level"": 7, ""keywords"": []}, ""ai_raw_response"": {}}",114123,BnextErp.Application_sNcBzrIQ5C.png
pantalla principal/Catalogos/Generales/Organizaciones/Buscar/Nuevo/Nuevo_Programa_Externo/BnextErp.Application_VrxnqCwfkO.png,/root/.ipython/aaaaaaaaaaa/ERP_screenshots/pantalla principal/Catalogos/Generales/Organizaciones/Buscar/Nuevo/Nuevo_Programa_Externo/BnextErp.Application_VrxnqCwfkO.png,Módulo: Pantalla Principal,Pantalla de None,Pantalla Principal,,,,7,,[],[],[],[],,[],"{""ai_analysis_successful"": false, ""structural_analysis"": {""module"": ""Pantalla Principal"", ""section"": null, ""subsection"": null, ""function_detected"": null, ""hierarchy_level"": 7, ""keywords"": []}, ""ai_raw_response"": {}}",76957,BnextErp.Application_VrxnqCwfkO.png
pantalla principal/Catalogos/Generales/Organizaciones/Buscar/Nuevo/Nuevo_ConfiguracionGeneral/Consulta de promociones centrales/BnextErp.Application_QeNcPrkIe9.png,/root/.ipython/aaaaaaaaaaa/ERP_screenshots/pantalla principal/Catalogos/Generales/Organizaciones/Buscar/Nuevo/Nuevo_ConfiguracionGeneral/Consulta de promociones centrales/BnextErp.Application_QeNcPrkIe9.png,Módulo: Pantalla Principal,Pantalla de None,Pantalla Principal,,,,8,,[],[],[],[],,[],"{""ai_analysis_successful"": false, ""structural_analysis"": {""module"": ""Pantalla Principal"", ""section"": null, ""subsection"": null, ""function_detected"": null, ""hierarchy_level"": 8, ""keywords"": []}, ""ai_raw_response"": {}}",106320,BnextErp.Application_QeNcPrkIe9.png
pantalla principal/Catalogos/Generales/Organizaciones/Buscar/Nuevo/Nuevo_ConfiguracionGeneral/Consulta_de_Existencia/BnextErp.Application_vkN8JSR2yi.png,/root/.ipython/aaaaaaaaaaa/ERP_screenshots/pantalla principal/Catalogos/Generales/Organizaciones/Buscar/Nuevo/Nuevo_ConfiguracionGeneral/Consulta_de_Existencia/BnextErp.Application_vkN8JSR2yi.png,Módulo: Pantalla Principal,Pantalla de None,Pantalla Principal,,,,8,,[],[],[],[],,[],"{""ai_analysis_successful"": false, ""structural_analysis"": {""module"": ""Pantalla Principal"", ""section"": null, ""subsection"": null, ""function_detected"": null, ""hierarchy_level"": 8, ""keywords"": []}, ""ai_raw_response"": {}}",105756,BnextErp.Application_vkN8JSR2yi.png
pantalla principal/Catalogos/Generales/Organizaciones/Buscar/Nuevo/Nuevo_ConfiguracionGeneral/Devoluciones_foraneas/BnextErp.Application_aIAXiczLBf.png,/root/.ipython/aaaaaaaaaaa/ERP_screenshots/pantalla principal/Catalogos/Generales/Organizaciones/Buscar/Nuevo/Nuevo_ConfiguracionGeneral/Devoluciones_foraneas/BnextErp.Application_aIAXiczLBf.png,Módulo: Pantalla Principal,Pantalla de None,Pantalla Principal,,,,8,,[],[],[],[],,[],"{""ai_analysis_successful"": false, ""structural_analysis"": {""module"": ""Pantalla Principal"", ""section"": null, ""subsection"": null, ""function_detected"": null, ""hierarchy_level"": 8, ""keywords"": []}, ""ai_raw_response"": {}}",107603,BnextErp.Application_aIAXiczLBf.png
pantalla principal/Catalogos/Generales/Organizaciones/Buscar/Nuevo/Nuevo_ConfiguracionGeneral/Generales/BnextErp.Application_4baG1otxoc.png,/root/.ipython/aaaaaaaaaaa/ERP_screenshots/pantalla principal/Catalogos/Generales/Organizaciones/Buscar/Nuevo/Nuevo_ConfiguracionGeneral/Generales/BnextErp.Application_4baG1otxoc.png,Módulo: Pantalla Principal,Pantalla de None,Pantalla Principal,,,,8,,[],[],[],[],,[],"{""ai_analysis_successful"": false, ""structural_analysis"": {""module"": ""Pantalla Principal"", ""section"": null, ""subsection"": null, ""function_detected"": null, ""hierarchy_level"": 8, ""keywords"": []}, ""ai_raw_response"": {}}",171704,BnextErp.Application_4baG1otxoc.png
pantalla principal/Catalogos/Generales/Organizaciones/Buscar/Nuevo/Nuevo_ConfiguracionGeneral/Limite_de_Credito_remoto/BnextErp.Application_PtfQL53SFI.png,/root/.ipython/aaaaaaaaaaa/ERP_screenshots/pantalla principal/Catalogos/Generales/Organizaciones/Buscar/Nuevo/Nuevo_ConfiguracionGeneral/Limite_de_Credito_remoto/BnextErp.Application_PtfQL53SFI.png,Módulo: Pantalla Principal,Pantalla de None,Pantalla Principal,,,,8,,[],[],[],[],,[],"{""ai_analysis_successful"": false, ""structural_analysis"": {""module"": ""Pantalla Principal"", ""section"": null, ""subsection"": null, ""function_detected"": null, ""hierarchy_level"": 8, ""keywords"": []}, ""ai_raw_response"": {}}",105200,BnextErp.Application_PtfQL53SFI.png
pantalla principal/Catalogos/Generales/Organizaciones/Buscar/Nuevo/Nuevo_ConfiguracionGeneral/Notificaciones_push/BnextErp.Application_AWuGPZ5tJS.png,/root/.ipython/aaaaaaaaaaa/ERP_screenshots/pantalla principal/Catalogos/Generales/Organizaciones/Buscar/Nuevo/Nuevo_ConfiguracionGeneral/Notificaciones_push/BnextErp.Application_AWuGPZ5tJS.png,Módulo: Pantalla Principal,Pantalla de None,Pantalla Principal,,,,8,,[],[],[],[],,[],"{""ai_analysis_successful"": false, ""structural_analysis"": {""module"": ""Pantalla Principal"", ""section"": null, ""subsection"": null, ""function_detected"": null, ""hierarchy_level"": 8, ""keywords"": []}, ""ai_raw_response"": {}}",99993,BnextErp.Application_AWuGPZ5tJS.png
pantalla principal/Catalogos/Generales/Organizaciones/Buscar/Nuevo/Nuevo_ConfiguracionGeneral/Pedido Remoto/BnextErp.Application_mplYJff7Ty.png,/root/.ipython/aaaaaaaaaaa/ERP_screenshots/pantalla principal/Catalogos/Generales/Organizaciones/Buscar/Nuevo/Nuevo_ConfiguracionGeneral/Pedido Remoto/BnextErp.Application_mplYJff7Ty.png,Módulo: Pantalla Principal,Pantalla de None,Pantalla Principal,,,,8,,[],[],[],[],,[],"{""ai_analysis_successful"": false, ""structural_analysis"": {""module"": ""Pantalla Principal"", ""section"": null, ""subsection"": null, ""function_detected"": null, ""hierarchy_level"": 8, ""keywords"": []}, ""ai_raw_response"": {}}",101213,BnextErp.Application_mplYJff7Ty.png
pantalla principal/Catalogos/Generales/Organizaciones/Buscar/Nuevo/Nuevo_ConfiguracionGeneral/Pedido_electronico/BnextErp.Application_hVFRzxBDOF.png,/root/.ipython/aaaaaaaaaaa/ERP_screenshots/pantalla principal/Catalogos/Generales/Organizaciones/Buscar/Nuevo/Nuevo_ConfiguracionGeneral/Pedido_electronico/BnextErp.Application_hVFRzxBDOF.png,Módulo: Pantalla Principal,Pantalla de None,Pantalla Principal,,,,8,,[],[],[],[],,[],"{""ai_analysis_successful"": false, ""structural_analysis"": {""module"": ""Pantalla Principal"", ""section"": null, ""subsection"": null, ""function_detected"": null, ""hierarchy_level"": 8, ""keywords"": []}, ""ai_raw_response"": {}}",104967,BnextErp.Application_hVFRzxBDOF.png
pantalla principal/Catalogos/Generales/Organizaciones/Buscar/Nuevo/Nuevo_ConfiguracionGeneral/Producto_Negado/BnextErp.Application_h0tN1e1AVl.png,/root/.ipython/aaaaaaaaaaa/ERP_screenshots/pantalla principal/Catalogos/Generales/Organizaciones/Buscar/Nuevo/Nuevo_ConfiguracionGeneral/Producto_Negado/BnextErp.Application_h0tN1e1AVl.png,Módulo: Pantalla Principal,Pantalla de None,Pantalla Principal,,,,8,,[],[],[],[],,[],"{""ai_analysis_successful"": false, ""structural_analysis"": {""module"": ""Pantalla Principal"", ""section"": null, ""subsection"": null, ""function_detected"": null, ""hierarchy_level"": 8, ""keywords"": []}, ""ai_raw_response"": {}}",100825,BnextErp.Application_h0tN1e1AVl.png
pantalla principal/Catalogos/Generales/Organizaciones/Buscar/Nuevo/Nuevo_ConfiguracionGeneral/Secuencias_de_socios_de_negocios/BnextErp.Application_Qg2rNP6aGP.png,/root/.ipython/aaaaaaaaaaa/ERP_screenshots/pantalla principal/Catalogos/Generales/Organizaciones/Buscar/Nuevo/Nuevo_ConfiguracionGeneral/Secuencias_de_socios_de_negocios/BnextErp.Application_Qg2rNP6aGP.png,Módulo: Pantalla Principal,Pantalla de None,Pantalla Principal,,,,8,,[],[],[],[],,[],"{""ai_analysis_successful"": false, ""structural_analysis"": {""module"": ""Pantalla Principal"", ""section"": null, ""subsection"": null, ""function_detected"": null, ""hierarchy_level"": 8, ""keywords"": []}, ""ai_raw_response"": {}}",96316,BnextErp.Application_Qg2rNP6aGP.png
pantalla principal/Catalogos/Generales/Organizaciones/Buscar/Nuevo/Nuevo_ConfiguracionGeneral/consulta_estatus_facturacion/BnextErp.Application_c1VXZdqQ4T.png,/root/.ipython/aaaaaaaaaaa/ERP_screenshots/pantalla principal/Catalogos/Generales/Organizaciones/Buscar/Nuevo/Nuevo_ConfiguracionGeneral/consulta_estatus_facturacion/BnextErp.Application_c1VXZdqQ4T.png,Módulo: Pantalla Principal,Pantalla de None,Pantalla Principal,,,,8,,[],[],[],[],,[],"{""ai_analysis_successful"": false, ""structural_analysis"": {""module"": ""Pantalla Principal"", ""section"": null, ""subsection"": null, ""function_detected"": null, ""hierarchy_level"": 8, ""keywords"": []}, ""ai_raw_response"": {}}",106804,BnextErp.Application_c1VXZdqQ4T.png
pantalla principal/Catalogos/Generales/Pais/Nuevo/Pais nuevo.png,/root/.ipython/aaaaaaaaaaa/ERP_screenshots/pantalla principal/Catalogos/Generales/Pais/Nuevo/Pais nuevo.png,Módulo: Pantalla Principal | Función: Crear nuevo registro,Pantalla de Crear nuevo registro,Pantalla Principal,,,Crear nuevo registro,5,,[],[],[],[],,"[""agregar"", ""nuevo"", ""crear""]","{""ai_analysis_successful"": false, ""structural_analysis"": {""module"": ""Pantalla Principal"", ""section"": null, ""subsection"": null, ""function_detected"": ""Crear nuevo registro"", ""hierarchy_level"": 5, ""keywords"": [""agregar"", ""nuevo"", ""crear""]}, ""ai_raw_response"": {}}",59078,Pais nuevo.png
pantalla principal/Catalogos/Generales/Pais/Nuevo/Nuevo/Tipos de impuestos.png,/root/.ipython/aaaaaaaaaaa/ERP_screenshots/pantalla principal/Catalogos/Generales/Pais/Nuevo/Nuevo/Tipos de impuestos.png,Módulo: Pantalla Principal,Pantalla de None,Pantalla Principal,,,,6,,[],[],[],[],,[],"{""ai_analysis_successful"": false, ""structural_analysis"": {""module"": ""Pantalla Principal"", ""section"": null, ""subsection"": null, ""function_detected"": null, ""hierarchy_level"": 6, ""keywords"": []}, ""ai_raw_response"": {}}",69191,Tipos de impuestos.png
pantalla principal/Catalogos/Generales/Puntos de Venta/Nuevo/Cajón de Dinero/Cajon de dinero.png,/root/.ipython/aaaaaaaaaaa/ERP_screenshots/pantalla principal/Catalogos/Generales/Puntos de Venta/Nuevo/Cajón de Dinero/Cajon de dinero.png,Módulo: Pantalla Principal,Pantalla de None,Pantalla Principal,,,,6,,[],[],[],[],,[],"{""ai_analysis_successful"": false, ""structural_analysis"": {""module"": ""Pantalla Principal"", ""section"": null, ""subsection"": null, ""function_detected"": null, ""hierarchy_level"": 6, ""keywords"": []}, ""ai_raw_response"": {}}",129469,Cajon de dinero.png
pantalla principal/Catalogos/Generales/Puntos de Venta/Nuevo/Comportamientos/Comportamientos.png,/root/.ipython/aaaaaaaaaaa/ERP_screenshots/pantalla principal/Catalogos/Generales/Puntos de Venta/Nuevo/Comportamientos/Comportamientos.png,Módulo: Pantalla Principal,Pantalla de None,Pantalla Principal,,,,6,,[],[],[],[],,[],"{""ai_analysis_successful"": false, ""structural_analysis"": {""module"": ""Pantalla Principal"", ""section"": null, ""subsection"": null, ""function_detected"": null, ""hierarchy_level"": 6, ""keywords"": []}, ""ai_raw_response"": {}}",272585,Comportamientos.png
pantalla principal/Catalogos/Generales/Puntos de Venta/Nuevo/Configuracion General/Configuracion General.png,/root/.ipython/aaaaaaaaaaa/ERP_screenshots/pantalla principal/Catalogos/Generales/Puntos de Venta/Nuevo/Configuracion General/Configuracion General.png,Módulo: Pantalla Principal,Pantalla de None,Pantalla Principal,,,,6,,[],[],[],[],,[],"{""ai_analysis_successful"": false, ""structural_analysis"": {""module"": ""Pantalla Principal"", ""section"": null, ""subsection"": null, ""function_detected"": null, ""hierarchy_level"": 6, ""keywords"": []}, ""ai_raw_response"": {}}",124601,Configuracion General.png
pantalla principal/Catalogos/Generales/Puntos de Venta/Nuevo/Configuracion Pruebas de Conexion/Configuracion Pruebas de conexion.png,/root/.ipython/aaaaaaaaaaa/ERP_screenshots/pantalla principal/Catalogos/Generales/Puntos de Venta/Nuevo/Configuracion Pruebas de Conexion/Configuracion Pruebas de conexion.png,Módulo: Pantalla Principal,Pantalla de None,Pantalla Principal,,,,6,,[],[],[],[],,[],"{""ai_analysis_successful"": false, ""structural_analysis"": {""module"": ""Pantalla Principal"", ""section"": null, ""subsection"": null, ""function_detected"": null, ""hierarchy_level"": 6, ""keywords"": []}, ""ai_raw_response"": {}}",71499,Configuracion Pruebas de conexion.png
pantalla principal/Catalogos/Generales/Puntos de Venta/Nuevo/Impresión Ticket/Impresión ticket.png,/root/.ipython/aaaaaaaaaaa/ERP_screenshots/pantalla principal/Catalogos/Generales/Puntos de Venta/Nuevo/Impresión Ticket/Impresión ticket.png,Módulo: Pantalla Principal,Pantalla de None,Pantalla Principal,,,,6,,[],[],[],[],,[],"{""ai_analysis_successful"": false, ""structural_analysis"": {""module"": ""Pantalla Principal"", ""section"": null, ""subsection"": null, ""function_detected"": null, ""hierarchy_level"": 6, ""keywords"": []}, ""ai_raw_response"": {}}",61601,Impresión ticket.png
pantalla principal/Catalogos/Generales/Puntos de Venta/Nuevo/KDS/KDS.png,/root/.ipython/aaaaaaaaaaa/ERP_screenshots/pantalla principal/Catalogos/Generales/Puntos de Venta/Nuevo/KDS/KDS.png,Módulo: Pantalla Principal,Pantalla de None,Pantalla Principal,,,,6,,[],[],[],[],,[],"{""ai_analysis_successful"": false, ""structural_analysis"": {""module"": ""Pantalla Principal"", ""section"": null, ""subsection"": null, ""function_detected"": null, ""hierarchy_level"": 6, ""keywords"": []}, ""ai_raw_response"": {}}",68477,KDS.png
pantalla principal/Catalogos/Generales/Puntos de Venta/Nuevo/Notificaciones/Notificaciones.png,/root/.ipython/aaaaaaaaaaa/ERP_screenshots/pantalla principal/Catalogos/Generales/Puntos de Venta/Nuevo/Notificaciones/Notificaciones.png,Módulo: Pantalla Principal,Pantalla de None,Pantalla Principal,,,,6,,[],[],[],[],,[],"{""ai_analysis_successful"": false, ""structural_analysis"": {""module"": ""Pantalla Principal"", ""section"": null, ""subsection"": null, ""function_detected"": null, ""hierarchy_level"": 6, ""keywords"": []}, ""ai_raw_response"": {}}",97832,Notificaciones.png
pantalla principal/Catalogos/Generales/Puntos de Venta/Nuevo/Pinpads/Pinpads.png,/root/.ipython/aaaaaaaaaaa/ERP_screenshots/pantalla principal/Catalogos/Generales/Puntos de Venta/Nuevo/Pinpads/Pinpads.png,Módulo: Pantalla Principal,Pantalla de None,Pantalla Principal,,,,6,,[],[],[],[],,[],"{""ai_analysis_successful"": false, ""structural_analysis"": {""module"": ""Pantalla Principal"", ""section"": null, ""subsection"": null, ""function_detected"": null, ""hierarchy_level"": 6, ""keywords"": []}, ""ai_raw_response"": {}}",61122,Pinpads.png
pantalla principal/Catalogos/Generales/Puntos de Venta/Nuevo/Pinpads/seleccion de tipos.png,/root/.ipython/aaaaaaaaaaa/ERP_screenshots/pantalla principal/Catalogos/Generales/Puntos de Venta/Nuevo/Pinpads/seleccion de tipos.png,Módulo: Pantalla Principal,Pantalla de None,Pantalla Principal,,,,6,,[],[],[],[],,[],"{""ai_analysis_successful"": false, ""structural_analysis"": {""module"": ""Pantalla Principal"", ""section"": null, ""subsection"": null, ""function_detected"": null, ""hierarchy_level"": 6, ""keywords"": []}, ""ai_raw_response"": {}}",42504,seleccion de tipos.png
pantalla principal/Catalogos/Generales/Puntos de Venta/Nuevo/Preubas de Conexion VPN/Pruebas de conexion VPN.png,/root/.ipython/aaaaaaaaaaa/ERP_screenshots/pantalla principal/Catalogos/Generales/Puntos de Venta/Nuevo/Preubas de Conexion VPN/Pruebas de conexion VPN.png,Módulo: Pantalla Principal,Pantalla de None,Pantalla Principal,,,,6,,[],[],[],[],,[],"{""ai_analysis_successful"": false, ""structural_analysis"": {""module"": ""Pantalla Principal"", ""section"": null, ""subsection"": null, ""function_detected"": null, ""hierarchy_level"": 6, ""keywords"": []}, ""ai_raw_response"": {}}",71071,Pruebas de conexion VPN.png
pantalla principal/Catalogos/Generales/Puntos de Venta/Nuevo/Pruebas de velocidad de Conexion/Pruebas de velocidad de conexion.png,/root/.ipython/aaaaaaaaaaa/ERP_screenshots/pantalla principal/Catalogos/Generales/Puntos de Venta/Nuevo/Pruebas de velocidad de Conexion/Pruebas de velocidad de conexion.png,Módulo: Pantalla Principal,Pantalla de None,Pantalla Principal,,,,6,,[],[],[],[],,[],"{""ai_analysis_successful"": false, ""structural_analysis"": {""module"": ""Pantalla Principal"", ""section"": null, ""subsection"": null, ""function_detected"": null, ""hierarchy_level"": 6, ""keywords"": []}, ""ai_raw_response"": {}}",72087,Pruebas de velocidad de conexion.png
pantalla principal/Catalogos/Generales/Puntos de Venta/Nuevo/Publicidad/Publicidad.png,/root/.ipython/aaaaaaaaaaa/ERP_screenshots/pantalla principal/Catalogos/Generales/Puntos de Venta/Nuevo/Publicidad/Publicidad.png,Módulo: Pantalla Principal,Pantalla de None,Pantalla Principal,,,,6,,[],[],[],[],,[],"{""ai_analysis_successful"": false, ""structural_analysis"": {""module"": ""Pantalla Principal"", ""section"": null, ""subsection"": null, ""function_detected"": null, ""hierarchy_level"": 6, ""keywords"": []}, ""ai_raw_response"": {}}",61470,Publicidad.png
pantalla principal/Catalogos/Generales/Puntos de Venta/Nuevo/Segundo monitor/Segundo monitor.png,/root/.ipython/aaaaaaaaaaa/ERP_screenshots/pantalla principal/Catalogos/Generales/Puntos de Venta/Nuevo/Segundo monitor/Segundo monitor.png,Módulo: Pantalla Principal,Pantalla de None,Pantalla Principal,,,,6,,[],[],[],[],,[],"{""ai_analysis_successful"": false, ""structural_analysis"": {""module"": ""Pantalla Principal"", ""section"": null, ""subsection"": null, ""function_detected"": null, ""hierarchy_level"": 6, ""keywords"": []}, ""ai_raw_response"": {}}",64451,Segundo monitor.png
pantalla principal/Catalogos/Generales/Puntos de Venta/Nuevo/Cajón de Dinero/Conceptos/Asignacion de conceptos.png,/root/.ipython/aaaaaaaaaaa/ERP_screenshots/pantalla principal/Catalogos/Generales/Puntos de Venta/Nuevo/Cajón de Dinero/Conceptos/Asignacion de conceptos.png,Módulo: Pantalla Principal,Pantalla de None,Pantalla Principal,,,,7,,[],[],[],[],,[],"{""ai_analysis_successful"": false, ""structural_analysis"": {""module"": ""Pantalla Principal"", ""section"": null, ""subsection"": null, ""function_detected"": null, ""hierarchy_level"": 7, ""keywords"": []}, ""ai_raw_response"": {}}",63896,Asignacion de conceptos.png
pantalla principal/Catalogos/Generales/Puntos de Venta/Nuevo/Cajón de Dinero/Tipo de cobros/Asignacion de tipo de cobros.png,/root/.ipython/aaaaaaaaaaa/ERP_screenshots/pantalla principal/Catalogos/Generales/Puntos de Venta/Nuevo/Cajón de Dinero/Tipo de cobros/Asignacion de tipo de cobros.png,Módulo: Pantalla Principal,Pantalla de None,Pantalla Principal,,,,7,,[],[],[],[],,[],"{""ai_analysis_successful"": false, ""structural_analysis"": {""module"": ""Pantalla Principal"", ""section"": null, ""subsection"": null, ""function_detected"": null, ""hierarchy_level"": 7, ""keywords"": []}, ""ai_raw_response"": {}}",229122,Asignacion de tipo de cobros.png
pantalla principal/Catalogos/Generales/Puntos de Venta/Nuevo/Notificaciones/tipos/Seleccion de tipos.png,/root/.ipython/aaaaaaaaaaa/ERP_screenshots/pantalla principal/Catalogos/Generales/Puntos de Venta/Nuevo/Notificaciones/tipos/Seleccion de tipos.png,Módulo: Pantalla Principal,Pantalla de None,Pantalla Principal,,,,7,,[],[],[],[],,[],"{""ai_analysis_successful"": false, ""structural_analysis"": {""module"": ""Pantalla Principal"", ""section"": null, ""subsection"": null, ""function_detected"": null, ""hierarchy_level"": 7, ""keywords"": []}, ""ai_raw_response"": {}}",25374,Seleccion de tipos.png
pantalla principal/Catalogos/Generales/Tipo De Cambio Oficial/Nuevo/Nuevo tipo de cambio oficial datos generales.png,/root/.ipython/aaaaaaaaaaa/ERP_screenshots/pantalla principal/Catalogos/Generales/Tipo De Cambio Oficial/Nuevo/Nuevo tipo de cambio oficial datos generales.png,Módulo: Pantalla Principal | Función: Crear nuevo registro,Pantalla de Crear nuevo registro,Pantalla Principal,,,Crear nuevo registro,5,,[],[],[],[],,"[""agregar"", ""nuevo"", ""crear""]","{""ai_analysis_successful"": false, ""structural_analysis"": {""module"": ""Pantalla Principal"", ""section"": null, ""subsection"": null, ""function_detected"": ""Crear nuevo registro"", ""hierarchy_level"": 5, ""keywords"": [""agregar"", ""nuevo"", ""crear""]}, ""ai_raw_response"": {}}",98015,Nuevo tipo de cambio oficial datos generales.png
pantalla principal/Catalogos/Generales/Tipo de cambio por ubicacion/Nuevo/Nuevo tipo de cambio por ubicacion.png,/root/.ipython/aaaaaaaaaaa/ERP_screenshots/pantalla principal/Catalogos/Generales/Tipo de cambio por ubicacion/Nuevo/Nuevo tipo de cambio por ubicacion.png,Módulo: Pantalla Principal | Función: Crear nuevo registro,Pantalla de Crear nuevo registro,Pantalla Principal,,,Crear nuevo registro,5,,[],[],[],[],,"[""agregar"", ""nuevo"", ""crear""]","{""ai_analysis_successful"": false, ""structural_analysis"": {""module"": ""Pantalla Principal"", ""section"": null, ""subsection"": null, ""function_detected"": ""Crear nuevo registro"", ""hierarchy_level"": 5, ""keywords"": [""agregar"", ""nuevo"", ""crear""]}, ""ai_raw_response"": {}}",188851,Nuevo tipo de cambio por ubicacion.png
pantalla principal/Catalogos/Generales/Tipo de impresoras/Nuevo/Nuevo tipo de impresoras.png,/root/.ipython/aaaaaaaaaaa/ERP_screenshots/pantalla principal/Catalogos/Generales/Tipo de impresoras/Nuevo/Nuevo tipo de impresoras.png,Módulo: Pantalla Principal | Función: Crear nuevo registro,Pantalla de Crear nuevo registro,Pantalla Principal,,,Crear nuevo registro,5,,[],[],[],[],,"[""agregar"", ""nuevo"", ""crear""]","{""ai_analysis_successful"": false, ""structural_analysis"": {""module"": ""Pantalla Principal"", ""section"": null, ""subsection"": null, ""function_detected"": ""Crear nuevo registro"", ""hierarchy_level"": 5, ""keywords"": [""agregar"", ""nuevo"", ""crear""]}, ""ai_raw_response"": {}}",107603,Nuevo tipo de impresoras.png
pantalla principal/Catalogos/Generales/Tipos de Ubicaciones/Nuevo/Tipo_de_ubicaciones_nuevo.png,/root/.ipython/aaaaaaaaaaa/ERP_screenshots/pantalla principal/Catalogos/Generales/Tipos de Ubicaciones/Nuevo/Tipo_de_ubicaciones_nuevo.png,Módulo: Pantalla Principal | Función: Crear nuevo registro,Pantalla de Crear nuevo registro,Pantalla Principal,,,Crear nuevo registro,5,,[],[],[],[],,"[""agregar"", ""nuevo"", ""crear""]","{""ai_analysis_successful"": false, ""structural_analysis"": {""module"": ""Pantalla Principal"", ""section"": null, ""subsection"": null, ""function_detected"": ""Crear nuevo registro"", ""hierarchy_level"": 5, ""keywords"": [""agregar"", ""nuevo"", ""crear""]}, ""ai_raw_response"": {}}",36752,Tipo_de_ubicaciones_nuevo.png
pantalla principal/Catalogos/Generales/Ubicaciones/Nuevo/Caja Chica/Responsabilidad_de_caja_chica.png,/root/.ipython/aaaaaaaaaaa/ERP_screenshots/pantalla principal/Catalogos/Generales/Ubicaciones/Nuevo/Caja Chica/Responsabilidad_de_caja_chica.png,Módulo: Pantalla Principal,Pantalla de None,Pantalla Principal,,,,6,,[],[],[],[],,[],"{""ai_analysis_successful"": false, ""structural_analysis"": {""module"": ""Pantalla Principal"", ""section"": null, ""subsection"": null, ""function_detected"": null, ""hierarchy_level"": 6, ""keywords"": []}, ""ai_raw_response"": {}}",74371,Responsabilidad_de_caja_chica.png
pantalla principal/Catalogos/Generales/Ubicaciones/Nuevo/Configuraciones/Configuraciones.png,/root/.ipython/aaaaaaaaaaa/ERP_screenshots/pantalla principal/Catalogos/Generales/Ubicaciones/Nuevo/Configuraciones/Configuraciones.png,Módulo: Pantalla Principal,Pantalla de None,Pantalla Principal,,,,6,,[],[],[],[],,[],"{""ai_analysis_successful"": false, ""structural_analysis"": {""module"": ""Pantalla Principal"", ""section"": null, ""subsection"": null, ""function_detected"": null, ""hierarchy_level"": 6, ""keywords"": []}, ""ai_raw_response"": {}}",144400,Configuraciones.png
pantalla principal/Catalogos/Generales/Ubicaciones/Nuevo/Códigos Postales/Codigos postales.png,/root/.ipython/aaaaaaaaaaa/ERP_screenshots/pantalla principal/Catalogos/Generales/Ubicaciones/Nuevo/Códigos Postales/Codigos postales.png,Módulo: Pantalla Principal,Pantalla de None,Pantalla Principal,,,,6,,[],[],[],[],,[],"{""ai_analysis_successful"": false, ""structural_analysis"": {""module"": ""Pantalla Principal"", ""section"": null, ""subsection"": null, ""function_detected"": null, ""hierarchy_level"": 6, ""keywords"": []}, ""ai_raw_response"": {}}",56044,Codigos postales.png
pantalla principal/Catalogos/Generales/Ubicaciones/Nuevo/Datos Adicionales/Datos adicionales.png,/root/.ipython/aaaaaaaaaaa/ERP_screenshots/pantalla principal/Catalogos/Generales/Ubicaciones/Nuevo/Datos Adicionales/Datos adicionales.png,Módulo: Pantalla Principal,Pantalla de None,Pantalla Principal,,,,6,,[],[],[],[],,[],"{""ai_analysis_successful"": false, ""structural_analysis"": {""module"": ""Pantalla Principal"", ""section"": null, ""subsection"": null, ""function_detected"": null, ""hierarchy_level"": 6, ""keywords"": []}, ""ai_raw_response"": {}}",46818,Datos adicionales.png
pantalla principal/Catalogos/Generales/Ubicaciones/Nuevo/Datos Generales/Datos generales.png,/root/.ipython/aaaaaaaaaaa/ERP_screenshots/pantalla principal/Catalogos/Generales/Ubicaciones/Nuevo/Datos Generales/Datos generales.png,Módulo: Pantalla Principal,Pantalla de None,Pantalla Principal,,,,6,,[],[],[],[],,[],"{""ai_analysis_successful"": false, ""structural_analysis"": {""module"": ""Pantalla Principal"", ""section"": null, ""subsection"": null, ""function_detected"": null, ""hierarchy_level"": 6, ""keywords"": []}, ""ai_raw_response"": {}}",148345,Datos generales.png
pantalla principal/Catalogos/Generales/Ubicaciones/Nuevo/Impresoras/Impresoras.png,/root/.ipython/aaaaaaaaaaa/ERP_screenshots/pantalla principal/Catalogos/Generales/Ubicaciones/Nuevo/Impresoras/Impresoras.png,Módulo: Pantalla Principal,Pantalla de None,Pantalla Principal,,,,6,,[],[],[],[],,[],"{""ai_analysis_successful"": false, ""structural_analysis"": {""module"": ""Pantalla Principal"", ""section"": null, ""subsection"": null, ""function_detected"": null, ""hierarchy_level"": 6, ""keywords"": []}, ""ai_raw_response"": {}}",57895,Impresoras.png
pantalla principal/Catalogos/Generales/Ubicaciones/Nuevo/POS/POS caracteristicas.png,/root/.ipython/aaaaaaaaaaa/ERP_screenshots/pantalla principal/Catalogos/Generales/Ubicaciones/Nuevo/POS/POS caracteristicas.png,Módulo: Pantalla Principal,Pantalla de None,Pantalla Principal,,,,6,,[],[],[],[],,[],"{""ai_analysis_successful"": false, ""structural_analysis"": {""module"": ""Pantalla Principal"", ""section"": null, ""subsection"": null, ""function_detected"": null, ""hierarchy_level"": 6, ""keywords"": []}, ""ai_raw_response"": {}}",86670,POS caracteristicas.png
pantalla principal/Catalogos/Generales/Ubicaciones/Nuevo/Configuracion de documentos/Facturación electronica/Facturacion electronica.png,/root/.ipython/aaaaaaaaaaa/ERP_screenshots/pantalla principal/Catalogos/Generales/Ubicaciones/Nuevo/Configuracion de documentos/Facturación electronica/Facturacion electronica.png,Módulo: Pantalla Principal,Pantalla de None,Pantalla Principal,,,,7,,[],[],[],[],,[],"{""ai_analysis_successful"": false, ""structural_analysis"": {""module"": ""Pantalla Principal"", ""section"": null, ""subsection"": null, ""function_detected"": null, ""hierarchy_level"": 7, ""keywords"": []}, ""ai_raw_response"": {}}",131050,Facturacion electronica.png
pantalla principal/Catalogos/Generales/Ubicaciones/Nuevo/Configuracion de documentos/Jobs de facturacion global/Jobs de facturacion global.png,/root/.ipython/aaaaaaaaaaa/ERP_screenshots/pantalla principal/Catalogos/Generales/Ubicaciones/Nuevo/Configuracion de documentos/Jobs de facturacion global/Jobs de facturacion global.png,Módulo: Pantalla Principal,Pantalla de None,Pantalla Principal,,,,7,,[],[],[],[],,[],"{""ai_analysis_successful"": false, ""structural_analysis"": {""module"": ""Pantalla Principal"", ""section"": null, ""subsection"": null, ""function_detected"": null, ""hierarchy_level"": 7, ""keywords"": []}, ""ai_raw_response"": {}}",82562,Jobs de facturacion global.png
pantalla principal/Catalogos/Generales/Ubicaciones/Nuevo/Configuracion de documentos/Facturación electronica/U. de Negocio/Unidades de negocio.png,/root/.ipython/aaaaaaaaaaa/ERP_screenshots/pantalla principal/Catalogos/Generales/Ubicaciones/Nuevo/Configuracion de documentos/Facturación electronica/U. de Negocio/Unidades de negocio.png,Módulo: Pantalla Principal,Pantalla de None,Pantalla Principal,,,,8,,[],[],[],[],,[],"{""ai_analysis_successful"": false, ""structural_analysis"": {""module"": ""Pantalla Principal"", ""section"": null, ""subsection"": null, ""function_detected"": null, ""hierarchy_level"": 8, ""keywords"": []}, ""ai_raw_response"": {}}",73384,Unidades de negocio.png
pantalla principal/Catalogos/Generales/Ubicaciones/Nuevo/Configuraciones/Gpo productos/BnextErp.Application_b70KvylhBf.png,/root/.ipython/aaaaaaaaaaa/ERP_screenshots/pantalla principal/Catalogos/Generales/Ubicaciones/Nuevo/Configuraciones/Gpo productos/BnextErp.Application_b70KvylhBf.png,Módulo: Pantalla Principal,Pantalla de None,Pantalla Principal,,,,7,,[],[],[],[],,[],"{""ai_analysis_successful"": false, ""structural_analysis"": {""module"": ""Pantalla Principal"", ""section"": null, ""subsection"": null, ""function_detected"": null, ""hierarchy_level"": 7, ""keywords"": []}, ""ai_raw_response"": {}}",106783,BnextErp.Application_b70KvylhBf.png
pantalla principal/Catalogos/Generales/Ubicaciones/Nuevo/Configuraciones/Tipos de impuestos/Asignacion de impuestos.png,/root/.ipython/aaaaaaaaaaa/ERP_screenshots/pantalla principal/Catalogos/Generales/Ubicaciones/Nuevo/Configuraciones/Tipos de impuestos/Asignacion de impuestos.png,Módulo: Pantalla Principal,Pantalla de None,Pantalla Principal,,,,7,,[],[],[],[],,[],"{""ai_analysis_successful"": false, ""structural_analysis"": {""module"": ""Pantalla Principal"", ""section"": null, ""subsection"": null, ""function_detected"": null, ""hierarchy_level"": 7, ""keywords"": []}, ""ai_raw_response"": {}}",87264,Asignacion de impuestos.png
pantalla principal/Catalogos/Generales/Unidades de Negocios/Nuevo/Nuevo Unidades de negocio.png,/root/.ipython/aaaaaaaaaaa/ERP_screenshots/pantalla principal/Catalogos/Generales/Unidades de Negocios/Nuevo/Nuevo Unidades de negocio.png,Módulo: Pantalla Principal | Función: Crear nuevo registro,Pantalla de Crear nuevo registro,Pantalla Principal,,,Crear nuevo registro,5,,[],[],[],[],,"[""agregar"", ""nuevo"", ""crear""]","{""ai_analysis_successful"": false, ""structural_analysis"": {""module"": ""Pantalla Principal"", ""section"": null, ""subsection"": null, ""function_detected"": ""Crear nuevo registro"", ""hierarchy_level"": 5, ""keywords"": [""agregar"", ""nuevo"", ""crear""]}, ""ai_raw_response"": {}}",40492,Nuevo Unidades de negocio.png
pantalla principal/Catalogos/Generales/Variables de sucursal/Nuevo/Nuevo Variables de sucursal.png,/root/.ipython/aaaaaaaaaaa/ERP_screenshots/pantalla principal/Catalogos/Generales/Variables de sucursal/Nuevo/Nuevo Variables de sucursal.png,Módulo: Pantalla Principal | Función: Crear nuevo registro,Pantalla de Crear nuevo registro,Pantalla Principal,,,Crear nuevo registro,5,,[],[],[],[],,"[""agregar"", ""nuevo"", ""crear""]","{""ai_analysis_successful"": false, ""structural_analysis"": {""module"": ""Pantalla Principal"", ""section"": null, ""subsection"": null, ""function_detected"": ""Crear nuevo registro"", ""hierarchy_level"": 5, ""keywords"": [""agregar"", ""nuevo"", ""crear""]}, ""ai_raw_response"": {}}",62686,Nuevo Variables de sucursal.png
pantalla principal/Catalogos/Impuestos/Conversion de impuestos/Conversion de impuestos.png,/root/.ipython/aaaaaaaaaaa/ERP_screenshots/pantalla principal/Catalogos/Impuestos/Conversion de impuestos/Conversion de impuestos.png,Módulo: Pantalla Principal,Pantalla de None,Pantalla Principal,,,,4,,[],[],[],[],,[],"{""ai_analysis_successful"": false, ""structural_analysis"": {""module"": ""Pantalla Principal"", ""section"": null, ""subsection"": null, ""function_detected"": null, ""hierarchy_level"": 4, ""keywords"": []}, ""ai_raw_response"": {}}",83612,Conversion de impuestos.png
pantalla principal/Catalogos/Impuestos/Grupo de impuestos/Grupo de impuestos.png,/root/.ipython/aaaaaaaaaaa/ERP_screenshots/pantalla principal/Catalogos/Impuestos/Grupo de impuestos/Grupo de impuestos.png,Módulo: Pantalla Principal,Pantalla de None,Pantalla Principal,,,,4,,[],[],[],[],,[],"{""ai_analysis_successful"": false, ""structural_analysis"": {""module"": ""Pantalla Principal"", ""section"": null, ""subsection"": null, ""function_detected"": null, ""hierarchy_level"": 4, ""keywords"": []}, ""ai_raw_response"": {}}",86702,Grupo de impuestos.png
pantalla principal/Catalogos/Impuestos/Impuestos/Impuestos.png,/root/.ipython/aaaaaaaaaaa/ERP_screenshots/pantalla principal/Catalogos/Impuestos/Impuestos/Impuestos.png,Módulo: Pantalla Principal,Pantalla de None,Pantalla Principal,,,,4,,[],[],[],[],,[],"{""ai_analysis_successful"": false, ""structural_analysis"": {""module"": ""Pantalla Principal"", ""section"": null, ""subsection"": null, ""function_detected"": null, ""hierarchy_level"": 4, ""keywords"": []}, ""ai_raw_response"": {}}",40962,Impuestos.png
pantalla principal/Catalogos/Impuestos/Tipo de impuestos/Tipo de impuestos.png,/root/.ipython/aaaaaaaaaaa/ERP_screenshots/pantalla principal/Catalogos/Impuestos/Tipo de impuestos/Tipo de impuestos.png,Módulo: Pantalla Principal,Pantalla de None,Pantalla Principal,,,,4,,[],[],[],[],,[],"{""ai_analysis_successful"": false, ""structural_analysis"": {""module"": ""Pantalla Principal"", ""section"": null, ""subsection"": null, ""function_detected"": null, ""hierarchy_level"": 4, ""keywords"": []}, ""ai_raw_response"": {}}",63268,Tipo de impuestos.png
pantalla principal/Catalogos/Impuestos/Conversion de impuestos/Nuevo/Nuevo converison de impuestos.png,/root/.ipython/aaaaaaaaaaa/ERP_screenshots/pantalla principal/Catalogos/Impuestos/Conversion de impuestos/Nuevo/Nuevo converison de impuestos.png,Módulo: Pantalla Principal | Función: Crear nuevo registro,Pantalla de Crear nuevo registro,Pantalla Principal,,,Crear nuevo registro,5,,[],[],[],[],,"[""agregar"", ""nuevo"", ""crear""]","{""ai_analysis_successful"": false, ""structural_analysis"": {""module"": ""Pantalla Principal"", ""section"": null, ""subsection"": null, ""function_detected"": ""Crear nuevo registro"", ""hierarchy_level"": 5, ""keywords"": [""agregar"", ""nuevo"", ""crear""]}, ""ai_raw_response"": {}}",113814,Nuevo converison de impuestos.png
pantalla principal/Catalogos/Impuestos/Grupo de impuestos/Nuevo/Nuevo grupo de impuestos.png,/root/.ipython/aaaaaaaaaaa/ERP_screenshots/pantalla principal/Catalogos/Impuestos/Grupo de impuestos/Nuevo/Nuevo grupo de impuestos.png,Módulo: Pantalla Principal | Función: Crear nuevo registro,Pantalla de Crear nuevo registro,Pantalla Principal,,,Crear nuevo registro,5,,[],[],[],[],,"[""agregar"", ""nuevo"", ""crear""]","{""ai_analysis_successful"": false, ""structural_analysis"": {""module"": ""Pantalla Principal"", ""section"": null, ""subsection"": null, ""function_detected"": ""Crear nuevo registro"", ""hierarchy_level"": 5, ""keywords"": [""agregar"", ""nuevo"", ""crear""]}, ""ai_raw_response"": {}}",72430,Nuevo grupo de impuestos.png
pantalla principal/Catalogos/Impuestos/Impuestos/Nuevo/Nuevo impuestos.png,/root/.ipython/aaaaaaaaaaa/ERP_screenshots/pantalla principal/Catalogos/Impuestos/Impuestos/Nuevo/Nuevo impuestos.png,Módulo: Pantalla Principal | Función: Crear nuevo registro,Pantalla de Crear nuevo registro,Pantalla Principal,,,Crear nuevo registro,5,,[],[],[],[],,"[""agregar"", ""nuevo"", ""crear""]","{""ai_analysis_successful"": false, ""structural_analysis"": {""module"": ""Pantalla Principal"", ""section"": null, ""subsection"": null, ""function_detected"": ""Crear nuevo registro"", ""hierarchy_level"": 5, ""keywords"": [""agregar"", ""nuevo"", ""crear""]}, ""ai_raw_response"": {}}",36746,Nuevo impuestos.png
pantalla principal/Catalogos/Impuestos/Tipo de impuestos/Nuevo/Nuevo tipo de impuestos.png,/root/.ipython/aaaaaaaaaaa/ERP_screenshots/pantalla principal/Catalogos/Impuestos/Tipo de impuestos/Nuevo/Nuevo tipo de impuestos.png,Módulo: Pantalla Principal | Función: Crear nuevo registro,Pantalla de Crear nuevo registro,Pantalla Principal,,,Crear nuevo registro,5,,[],[],[],[],,"[""agregar"", ""nuevo"", ""crear""]","{""ai_analysis_successful"": false, ""structural_analysis"": {""module"": ""Pantalla Principal"", ""section"": null, ""subsection"": null, ""function_detected"": ""Crear nuevo registro"", ""hierarchy_level"": 5, ""keywords"": [""agregar"", ""nuevo"", ""crear""]}, ""ai_raw_response"": {}}",102140,Nuevo tipo de impuestos.png
pantalla principal/Catalogos/Productos/Administracion de Productos/Administrador de productos.png,/root/.ipython/aaaaaaaaaaa/ERP_screenshots/pantalla principal/Catalogos/Productos/Administracion de Productos/Administrador de productos.png,Módulo: Pantalla Principal | Función: Administración,Pantalla de Administración,Pantalla Principal,,,Administración,4,,[],[],[],[],,"[""administrador""]","{""ai_analysis_successful"": false, ""structural_analysis"": {""module"": ""Pantalla Principal"", ""section"": null, ""subsection"": null, ""function_detected"": ""Administraci\u00f3n"", ""hierarchy_level"": 4, ""keywords"": [""administrador""]}, ""ai_raw_response"": {}}",106236,Administrador de productos.png
pantalla principal/Catalogos/Productos/Administracion de prodctuo no encontrado/Administrador de producto no encontrado.png,/root/.ipython/aaaaaaaaaaa/ERP_screenshots/pantalla principal/Catalogos/Productos/Administracion de prodctuo no encontrado/Administrador de producto no encontrado.png,Módulo: Pantalla Principal | Función: Administración,Pantalla de Administración,Pantalla Principal,,,Administración,4,,[],[],[],[],,"[""administrador""]","{""ai_analysis_successful"": false, ""structural_analysis"": {""module"": ""Pantalla Principal"", ""section"": null, ""subsection"": null, ""function_detected"": ""Administraci\u00f3n"", ""hierarchy_level"": 4, ""keywords"": [""administrador""]}, ""ai_raw_response"": {}}",101124,Administrador de producto no encontrado.png
pantalla principal/Catalogos/Productos/Administrador de Datos Adicionales/Administrador de datos adicionales.png,/root/.ipython/aaaaaaaaaaa/ERP_screenshots/pantalla principal/Catalogos/Productos/Administrador de Datos Adicionales/Administrador de datos adicionales.png,Módulo: Pantalla Principal | Función: Administración,Pantalla de Administración,Pantalla Principal,,,Administración,4,,[],[],[],[],,"[""administrador""]","{""ai_analysis_successful"": false, ""structural_analysis"": {""module"": ""Pantalla Principal"", ""section"": null, ""subsection"": null, ""function_detected"": ""Administraci\u00f3n"", ""hierarchy_level"": 4, ""keywords"": [""administrador""]}, ""ai_raw_response"": {}}",61653,Administrador de datos adicionales.png
pantalla principal/Catalogos/Productos/Administrador de Listado de Datos Adicionales/Administrador de Listado de Datos Adicionales.png,/root/.ipython/aaaaaaaaaaa/ERP_screenshots/pantalla principal/Catalogos/Productos/Administrador de Listado de Datos Adicionales/Administrador de Listado de Datos Adicionales.png,Módulo: Pantalla Principal | Función: Administración,Pantalla de Administración,Pantalla Principal,,,Administración,4,,[],[],[],[],,"[""administrador""]","{""ai_analysis_successful"": false, ""structural_analysis"": {""module"": ""Pantalla Principal"", ""section"": null, ""subsection"": null, ""function_detected"": ""Administraci\u00f3n"", ""hierarchy_level"": 4, ""keywords"": [""administrador""]}, ""ai_raw_response"": {}}",64444,Administrador de Listado de Datos Adicionales.png
pantalla principal/Catalogos/Productos/Campos dinamicos/Busqueda Campos dinamicos.png,/root/.ipython/aaaaaaaaaaa/ERP_screenshots/pantalla principal/Catalogos/Productos/Campos dinamicos/Busqueda Campos dinamicos.png,Módulo: Pantalla Principal,Pantalla de None,Pantalla Principal,,,,4,,[],[],[],[],,[],"{""ai_analysis_successful"": false, ""structural_analysis"": {""module"": ""Pantalla Principal"", ""section"": null, ""subsection"": null, ""function_detected"": null, ""hierarchy_level"": 4, ""keywords"": []}, ""ai_raw_response"": {}}",73200,Busqueda Campos dinamicos.png
pantalla principal/Catalogos/Productos/Categoria/Categoria busqueda.png,/root/.ipython/aaaaaaaaaaa/ERP_screenshots/pantalla principal/Catalogos/Productos/Categoria/Categoria busqueda.png,Módulo: Pantalla Principal,Pantalla de None,Pantalla Principal,,,,4,,[],[],[],[],,[],"{""ai_analysis_successful"": false, ""structural_analysis"": {""module"": ""Pantalla Principal"", ""section"": null, ""subsection"": null, ""function_detected"": null, ""hierarchy_level"": 4, ""keywords"": []}, ""ai_raw_response"": {}}",82880,Categoria busqueda.png
pantalla principal/Catalogos/Productos/Configuracion Productos-Ubicaciones/Configuracion producto - ubicaciones.png,/root/.ipython/aaaaaaaaaaa/ERP_screenshots/pantalla principal/Catalogos/Productos/Configuracion Productos-Ubicaciones/Configuracion producto - ubicaciones.png,Módulo: Pantalla Principal,Pantalla de None,Pantalla Principal,,,,4,,[],[],[],[],,[],"{""ai_analysis_successful"": false, ""structural_analysis"": {""module"": ""Pantalla Principal"", ""section"": null, ""subsection"": null, ""function_detected"": null, ""hierarchy_level"": 4, ""keywords"": []}, ""ai_raw_response"": {}}",62738,Configuracion producto - ubicaciones.png
pantalla principal/Catalogos/Productos/Conversion de unidades/Conversion de Unidades busqueda.png,/root/.ipython/aaaaaaaaaaa/ERP_screenshots/pantalla principal/Catalogos/Productos/Conversion de unidades/Conversion de Unidades busqueda.png,Módulo: Pantalla Principal,Pantalla de None,Pantalla Principal,,,,4,,[],[],[],[],,[],"{""ai_analysis_successful"": false, ""structural_analysis"": {""module"": ""Pantalla Principal"", ""section"": null, ""subsection"": null, ""function_detected"": null, ""hierarchy_level"": 4, ""keywords"": []}, ""ai_raw_response"": {}}",84366,Conversion de Unidades busqueda.png
pantalla principal/Catalogos/Productos/Familias/Familias.png,/root/.ipython/aaaaaaaaaaa/ERP_screenshots/pantalla principal/Catalogos/Productos/Familias/Familias.png,Módulo: Pantalla Principal,Pantalla de None,Pantalla Principal,,,,4,,[],[],[],[],,[],"{""ai_analysis_successful"": false, ""structural_analysis"": {""module"": ""Pantalla Principal"", ""section"": null, ""subsection"": null, ""function_detected"": null, ""hierarchy_level"": 4, ""keywords"": []}, ""ai_raw_response"": {}}",71759,Familias.png
pantalla principal/Catalogos/Productos/Grupo/Grupo.png,/root/.ipython/aaaaaaaaaaa/ERP_screenshots/pantalla principal/Catalogos/Productos/Grupo/Grupo.png,Módulo: Pantalla Principal,Pantalla de None,Pantalla Principal,,,,4,,[],[],[],[],,[],"{""ai_analysis_successful"": false, ""structural_analysis"": {""module"": ""Pantalla Principal"", ""section"": null, ""subsection"": null, ""function_detected"": null, ""hierarchy_level"": 4, ""keywords"": []}, ""ai_raw_response"": {}}",46430,Grupo.png
pantalla principal/Catalogos/Productos/Localizacion de Productos/Localizacion de productos.png,/root/.ipython/aaaaaaaaaaa/ERP_screenshots/pantalla principal/Catalogos/Productos/Localizacion de Productos/Localizacion de productos.png,Módulo: Pantalla Principal,Pantalla de None,Pantalla Principal,,,,4,,[],[],[],[],,[],"{""ai_analysis_successful"": false, ""structural_analysis"": {""module"": ""Pantalla Principal"", ""section"": null, ""subsection"": null, ""function_detected"": null, ""hierarchy_level"": 4, ""keywords"": []}, ""ai_raw_response"": {}}",74932,Localizacion de productos.png
pantalla principal/Catalogos/Productos/Marca/Busqueda Marca.png,/root/.ipython/aaaaaaaaaaa/ERP_screenshots/pantalla principal/Catalogos/Productos/Marca/Busqueda Marca.png,Módulo: Pantalla Principal,Pantalla de None,Pantalla Principal,,,,4,,[],[],[],[],,[],"{""ai_analysis_successful"": false, ""structural_analysis"": {""module"": ""Pantalla Principal"", ""section"": null, ""subsection"": null, ""function_detected"": null, ""hierarchy_level"": 4, ""keywords"": []}, ""ai_raw_response"": {}}",38989,Busqueda Marca.png
pantalla principal/Catalogos/Productos/Tipo de Datos Adicional/Tipo de datos adicionales.png,/root/.ipython/aaaaaaaaaaa/ERP_screenshots/pantalla principal/Catalogos/Productos/Tipo de Datos Adicional/Tipo de datos adicionales.png,Módulo: Pantalla Principal,Pantalla de None,Pantalla Principal,,,,4,,[],[],[],[],,[],"{""ai_analysis_successful"": false, ""structural_analysis"": {""module"": ""Pantalla Principal"", ""section"": null, ""subsection"": null, ""function_detected"": null, ""hierarchy_level"": 4, ""keywords"": []}, ""ai_raw_response"": {}}",59842,Tipo de datos adicionales.png
pantalla principal/Catalogos/Productos/Tipo de servicio externo/tipo_servicio_externo_busqueda.png,/root/.ipython/aaaaaaaaaaa/ERP_screenshots/pantalla principal/Catalogos/Productos/Tipo de servicio externo/tipo_servicio_externo_busqueda.png,Módulo: Pantalla Principal,Pantalla de None,Pantalla Principal,,,,4,,[],[],[],[],,[],"{""ai_analysis_successful"": false, ""structural_analysis"": {""module"": ""Pantalla Principal"", ""section"": null, ""subsection"": null, ""function_detected"": null, ""hierarchy_level"": 4, ""keywords"": []}, ""ai_raw_response"": {}}",91282,tipo_servicio_externo_busqueda.png
pantalla principal/Catalogos/Productos/Tipo/Busqueda tipos.png,/root/.ipython/aaaaaaaaaaa/ERP_screenshots/pantalla principal/Catalogos/Productos/Tipo/Busqueda tipos.png,Módulo: Pantalla Principal,Pantalla de None,Pantalla Principal,,,,4,,[],[],[],[],,[],"{""ai_analysis_successful"": false, ""structural_analysis"": {""module"": ""Pantalla Principal"", ""section"": null, ""subsection"": null, ""function_detected"": null, ""hierarchy_level"": 4, ""keywords"": []}, ""ai_raw_response"": {}}",84057,Busqueda tipos.png
pantalla principal/Catalogos/Productos/Unidades/Unidades.png,/root/.ipython/aaaaaaaaaaa/ERP_screenshots/pantalla principal/Catalogos/Productos/Unidades/Unidades.png,Módulo: Pantalla Principal,Pantalla de None,Pantalla Principal,,,,4,,[],[],[],[],,[],"{""ai_analysis_successful"": false, ""structural_analysis"": {""module"": ""Pantalla Principal"", ""section"": null, ""subsection"": null, ""function_detected"": null, ""hierarchy_level"": 4, ""keywords"": []}, ""ai_raw_response"": {}}",72990,Unidades.png
pantalla principal/Catalogos/Productos/Administracion de Productos/Nuevo/Codigo de barras/Nuevo codigo de barras.png,/root/.ipython/aaaaaaaaaaa/ERP_screenshots/pantalla principal/Catalogos/Productos/Administracion de Productos/Nuevo/Codigo de barras/Nuevo codigo de barras.png,Módulo: Pantalla Principal | Función: Crear nuevo registro,Pantalla de Crear nuevo registro,Pantalla Principal,,,Crear nuevo registro,6,,[],[],[],[],,"[""agregar"", ""nuevo"", ""crear""]","{""ai_analysis_successful"": false, ""structural_analysis"": {""module"": ""Pantalla Principal"", ""section"": null, ""subsection"": null, ""function_detected"": ""Crear nuevo registro"", ""hierarchy_level"": 6, ""keywords"": [""agregar"", ""nuevo"", ""crear""]}, ""ai_raw_response"": {}}",61458,Nuevo codigo de barras.png
pantalla principal/Catalogos/Productos/Administracion de Productos/Nuevo/Nuevo/General Nuevo.png,/root/.ipython/aaaaaaaaaaa/ERP_screenshots/pantalla principal/Catalogos/Productos/Administracion de Productos/Nuevo/Nuevo/General Nuevo.png,Módulo: Pantalla Principal | Función: Crear nuevo registro,Pantalla de Crear nuevo registro,Pantalla Principal,,,Crear nuevo registro,6,,[],[],[],[],,"[""agregar"", ""nuevo"", ""crear""]","{""ai_analysis_successful"": false, ""structural_analysis"": {""module"": ""Pantalla Principal"", ""section"": null, ""subsection"": null, ""function_detected"": ""Crear nuevo registro"", ""hierarchy_level"": 6, ""keywords"": [""agregar"", ""nuevo"", ""crear""]}, ""ai_raw_response"": {}}",164432,General Nuevo.png
pantalla principal/Catalogos/Productos/Administracion de prodctuo no encontrado/Nuevo/Nuevo administrador de producto no encontrado.png,/root/.ipython/aaaaaaaaaaa/ERP_screenshots/pantalla principal/Catalogos/Productos/Administracion de prodctuo no encontrado/Nuevo/Nuevo administrador de producto no encontrado.png,Módulo: Pantalla Principal | Función: Administración,Pantalla de Administración,Pantalla Principal,,,Administración,5,,[],[],[],[],,"[""administrador""]","{""ai_analysis_successful"": false, ""structural_analysis"": {""module"": ""Pantalla Principal"", ""section"": null, ""subsection"": null, ""function_detected"": ""Administraci\u00f3n"", ""hierarchy_level"": 5, ""keywords"": [""administrador""]}, ""ai_raw_response"": {}}",68508,Nuevo administrador de producto no encontrado.png
pantalla principal/Catalogos/Productos/Administrador de Datos Adicionales/Nuevo/Configuraciones/Nuevo configuraciones.png,/root/.ipython/aaaaaaaaaaa/ERP_screenshots/pantalla principal/Catalogos/Productos/Administrador de Datos Adicionales/Nuevo/Configuraciones/Nuevo configuraciones.png,Módulo: Pantalla Principal | Función: Crear nuevo registro,Pantalla de Crear nuevo registro,Pantalla Principal,,,Crear nuevo registro,6,,[],[],[],[],,"[""agregar"", ""nuevo"", ""crear""]","{""ai_analysis_successful"": false, ""structural_analysis"": {""module"": ""Pantalla Principal"", ""section"": null, ""subsection"": null, ""function_detected"": ""Crear nuevo registro"", ""hierarchy_level"": 6, ""keywords"": [""agregar"", ""nuevo"", ""crear""]}, ""ai_raw_response"": {}}",75029,Nuevo configuraciones.png
pantalla principal/Catalogos/Productos/Administrador de Listado de Datos Adicionales/Nuevo/Configuraciones/Configuraciones.png,/root/.ipython/aaaaaaaaaaa/ERP_screenshots/pantalla principal/Catalogos/Productos/Administrador de Listado de Datos Adicionales/Nuevo/Configuraciones/Configuraciones.png,Módulo: Pantalla Principal,Pantalla de None,Pantalla Principal,,,,6,,[],[],[],[],,[],"{""ai_analysis_successful"": false, ""structural_analysis"": {""module"": ""Pantalla Principal"", ""section"": null, ""subsection"": null, ""function_detected"": null, ""hierarchy_level"": 6, ""keywords"": []}, ""ai_raw_response"": {}}",87558,Configuraciones.png
pantalla principal/Catalogos/Productos/Administrador de Listado de Datos Adicionales/Nuevo/Documentos adicionales/Documentos adicionales.png,/root/.ipython/aaaaaaaaaaa/ERP_screenshots/pantalla principal/Catalogos/Productos/Administrador de Listado de Datos Adicionales/Nuevo/Documentos adicionales/Documentos adicionales.png,Módulo: Pantalla Principal,Pantalla de None,Pantalla Principal,,,,6,,[],[],[],[],,[],"{""ai_analysis_successful"": false, ""structural_analysis"": {""module"": ""Pantalla Principal"", ""section"": null, ""subsection"": null, ""function_detected"": null, ""hierarchy_level"": 6, ""keywords"": []}, ""ai_raw_response"": {}}",72752,Documentos adicionales.png
pantalla principal/Catalogos/Productos/Busqueda de Productos/Caracteristicas Especiales/Busqueda Caracteristicas Especiales.png,/root/.ipython/aaaaaaaaaaa/ERP_screenshots/pantalla principal/Catalogos/Productos/Busqueda de Productos/Caracteristicas Especiales/Busqueda Caracteristicas Especiales.png,Módulo: Pantalla Principal,Pantalla de None,Pantalla Principal,,,,5,,[],[],[],[],,[],"{""ai_analysis_successful"": false, ""structural_analysis"": {""module"": ""Pantalla Principal"", ""section"": null, ""subsection"": null, ""function_detected"": null, ""hierarchy_level"": 5, ""keywords"": []}, ""ai_raw_response"": {}}",127488,Busqueda Caracteristicas Especiales.png
pantalla principal/Catalogos/Productos/Busqueda de Productos/Columnas Opcionales/Busqueda-Columnas opcionales.png,/root/.ipython/aaaaaaaaaaa/ERP_screenshots/pantalla principal/Catalogos/Productos/Busqueda de Productos/Columnas Opcionales/Busqueda-Columnas opcionales.png,Módulo: Pantalla Principal,Pantalla de None,Pantalla Principal,,,,5,,[],[],[],[],,[],"{""ai_analysis_successful"": false, ""structural_analysis"": {""module"": ""Pantalla Principal"", ""section"": null, ""subsection"": null, ""function_detected"": null, ""hierarchy_level"": 5, ""keywords"": []}, ""ai_raw_response"": {}}",67857,Busqueda-Columnas opcionales.png
pantalla principal/Catalogos/Productos/Busqueda de Productos/Datos Generales/Busqueda-Datos Generales.png,/root/.ipython/aaaaaaaaaaa/ERP_screenshots/pantalla principal/Catalogos/Productos/Busqueda de Productos/Datos Generales/Busqueda-Datos Generales.png,Módulo: Pantalla Principal,Pantalla de None,Pantalla Principal,,,,5,,[],[],[],[],,[],"{""ai_analysis_successful"": false, ""structural_analysis"": {""module"": ""Pantalla Principal"", ""section"": null, ""subsection"": null, ""function_detected"": null, ""hierarchy_level"": 5, ""keywords"": []}, ""ai_raw_response"": {}}",100305,Busqueda-Datos Generales.png
pantalla principal/Catalogos/Productos/Campos dinamicos/Nuevo/Agregar nuevo campo dinamico.png,/root/.ipython/aaaaaaaaaaa/ERP_screenshots/pantalla principal/Catalogos/Productos/Campos dinamicos/Nuevo/Agregar nuevo campo dinamico.png,Módulo: Pantalla Principal | Función: Crear nuevo registro,Pantalla de Crear nuevo registro,Pantalla Principal,,,Crear nuevo registro,5,,[],[],[],[],,"[""agregar"", ""nuevo"", ""crear""]","{""ai_analysis_successful"": false, ""structural_analysis"": {""module"": ""Pantalla Principal"", ""section"": null, ""subsection"": null, ""function_detected"": ""Crear nuevo registro"", ""hierarchy_level"": 5, ""keywords"": [""agregar"", ""nuevo"", ""crear""]}, ""ai_raw_response"": {}}",77576,Agregar nuevo campo dinamico.png
pantalla principal/Catalogos/Productos/Categoria/Nuevo/Nuevo Categoria.png,/root/.ipython/aaaaaaaaaaa/ERP_screenshots/pantalla principal/Catalogos/Productos/Categoria/Nuevo/Nuevo Categoria.png,Módulo: Pantalla Principal | Función: Crear nuevo registro,Pantalla de Crear nuevo registro,Pantalla Principal,,,Crear nuevo registro,5,,[],[],[],[],,"[""agregar"", ""nuevo"", ""crear""]","{""ai_analysis_successful"": false, ""structural_analysis"": {""module"": ""Pantalla Principal"", ""section"": null, ""subsection"": null, ""function_detected"": ""Crear nuevo registro"", ""hierarchy_level"": 5, ""keywords"": [""agregar"", ""nuevo"", ""crear""]}, ""ai_raw_response"": {}}",82170,Nuevo Categoria.png
pantalla principal/Catalogos/Productos/Conversion de unidades/Nuevo/Nuevo conversion de unidades.png,/root/.ipython/aaaaaaaaaaa/ERP_screenshots/pantalla principal/Catalogos/Productos/Conversion de unidades/Nuevo/Nuevo conversion de unidades.png,Módulo: Pantalla Principal | Función: Crear nuevo registro,Pantalla de Crear nuevo registro,Pantalla Principal,,,Crear nuevo registro,5,,[],[],[],[],,"[""agregar"", ""nuevo"", ""crear""]","{""ai_analysis_successful"": false, ""structural_analysis"": {""module"": ""Pantalla Principal"", ""section"": null, ""subsection"": null, ""function_detected"": ""Crear nuevo registro"", ""hierarchy_level"": 5, ""keywords"": [""agregar"", ""nuevo"", ""crear""]}, ""ai_raw_response"": {}}",120686,Nuevo conversion de unidades.png
pantalla principal/Catalogos/Productos/Familias/Nuevo/Nuevo Familias.png,/root/.ipython/aaaaaaaaaaa/ERP_screenshots/pantalla principal/Catalogos/Productos/Familias/Nuevo/Nuevo Familias.png,Módulo: Pantalla Principal | Función: Crear nuevo registro,Pantalla de Crear nuevo registro,Pantalla Principal,,,Crear nuevo registro,5,,[],[],[],[],,"[""agregar"", ""nuevo"", ""crear""]","{""ai_analysis_successful"": false, ""structural_analysis"": {""module"": ""Pantalla Principal"", ""section"": null, ""subsection"": null, ""function_detected"": ""Crear nuevo registro"", ""hierarchy_level"": 5, ""keywords"": [""agregar"", ""nuevo"", ""crear""]}, ""ai_raw_response"": {}}",36242,Nuevo Familias.png
pantalla principal/Catalogos/Productos/Grupo/Nuevo/Grupo Nuevo.png,/root/.ipython/aaaaaaaaaaa/ERP_screenshots/pantalla principal/Catalogos/Productos/Grupo/Nuevo/Grupo Nuevo.png,Módulo: Pantalla Principal | Función: Crear nuevo registro,Pantalla de Crear nuevo registro,Pantalla Principal,,,Crear nuevo registro,5,,[],[],[],[],,"[""agregar"", ""nuevo"", ""crear""]","{""ai_analysis_successful"": false, ""structural_analysis"": {""module"": ""Pantalla Principal"", ""section"": null, ""subsection"": null, ""function_detected"": ""Crear nuevo registro"", ""hierarchy_level"": 5, ""keywords"": [""agregar"", ""nuevo"", ""crear""]}, ""ai_raw_response"": {}}",45145,Grupo Nuevo.png
pantalla principal/Catalogos/Productos/Marca/Nuevo/Nuevo Marca.png,/root/.ipython/aaaaaaaaaaa/ERP_screenshots/pantalla principal/Catalogos/Productos/Marca/Nuevo/Nuevo Marca.png,Módulo: Pantalla Principal | Función: Crear nuevo registro,Pantalla de Crear nuevo registro,Pantalla Principal,,,Crear nuevo registro,5,,[],[],[],[],,"[""agregar"", ""nuevo"", ""crear""]","{""ai_analysis_successful"": false, ""structural_analysis"": {""module"": ""Pantalla Principal"", ""section"": null, ""subsection"": null, ""function_detected"": ""Crear nuevo registro"", ""hierarchy_level"": 5, ""keywords"": [""agregar"", ""nuevo"", ""crear""]}, ""ai_raw_response"": {}}",37201,Nuevo Marca.png
pantalla principal/Catalogos/Productos/Tipo de Datos Adicional/Nuevo/Editar tipo de datos adicional.png,/root/.ipython/aaaaaaaaaaa/ERP_screenshots/pantalla principal/Catalogos/Productos/Tipo de Datos Adicional/Nuevo/Editar tipo de datos adicional.png,Módulo: Pantalla Principal | Función: Editar registro,Pantalla de Editar registro,Pantalla Principal,,,Editar registro,5,,[],[],[],[],,"[""editar"", ""modificar""]","{""ai_analysis_successful"": false, ""structural_analysis"": {""module"": ""Pantalla Principal"", ""section"": null, ""subsection"": null, ""function_detected"": ""Editar registro"", ""hierarchy_level"": 5, ""keywords"": [""editar"", ""modificar""]}, ""ai_raw_response"": {}}",48932,Editar tipo de datos adicional.png
pantalla principal/Catalogos/Productos/Tipo de servicio externo/Nuevo/tipo_servicio_externo_nuevo.png,/root/.ipython/aaaaaaaaaaa/ERP_screenshots/pantalla principal/Catalogos/Productos/Tipo de servicio externo/Nuevo/tipo_servicio_externo_nuevo.png,Módulo: Pantalla Principal | Función: Crear nuevo registro,Pantalla de Crear nuevo registro,Pantalla Principal,,,Crear nuevo registro,5,,[],[],[],[],,"[""agregar"", ""nuevo"", ""crear""]","{""ai_analysis_successful"": false, ""structural_analysis"": {""module"": ""Pantalla Principal"", ""section"": null, ""subsection"": null, ""function_detected"": ""Crear nuevo registro"", ""hierarchy_level"": 5, ""keywords"": [""agregar"", ""nuevo"", ""crear""]}, ""ai_raw_response"": {}}",213563,tipo_servicio_externo_nuevo.png
pantalla principal/Catalogos/Productos/Tipo/Nuevo/Tipo nuevos.png,/root/.ipython/aaaaaaaaaaa/ERP_screenshots/pantalla principal/Catalogos/Productos/Tipo/Nuevo/Tipo nuevos.png,Módulo: Pantalla Principal | Función: Crear nuevo registro,Pantalla de Crear nuevo registro,Pantalla Principal,,,Crear nuevo registro,5,,[],[],[],[],,"[""agregar"", ""nuevo"", ""crear""]","{""ai_analysis_successful"": false, ""structural_analysis"": {""module"": ""Pantalla Principal"", ""section"": null, ""subsection"": null, ""function_detected"": ""Crear nuevo registro"", ""hierarchy_level"": 5, ""keywords"": [""agregar"", ""nuevo"", ""crear""]}, ""ai_raw_response"": {}}",208858,Tipo nuevos.png
pantalla principal/Catalogos/Usuarios/Usuarios/BnextErp.Application_U5y2US86ns.png,/root/.ipython/aaaaaaaaaaa/ERP_screenshots/pantalla principal/Catalogos/Usuarios/Usuarios/BnextErp.Application_U5y2US86ns.png,Módulo: Pantalla Principal,Pantalla de None,Pantalla Principal,,,,4,,[],[],[],[],,[],"{""ai_analysis_successful"": false, ""structural_analysis"": {""module"": ""Pantalla Principal"", ""section"": null, ""subsection"": null, ""function_detected"": null, ""hierarchy_level"": 4, ""keywords"": []}, ""ai_raw_response"": {}}",79486,BnextErp.Application_U5y2US86ns.png
